Region,Arica y Parinacota,Tarapacá,Antofagasta,Atacama,Coquimbo,Valparaíso,Metropolitana,O’Higgins,Maule,Ñuble,Biobío,Araucanía,Los Ríos,Los Lagos,Aysén,Magallanes,Total
2020-03-03,0,0,0,0,0,0,0,0,1,0,0,0,0,0,0,0,1
2020-03-04,0,0,0,0,0,0,1,0,2,0,0,0,0,0,0,0,3
2020-03-05,0,0,0,0,0,0,2,0,2,0,0,0,0,0,0,0,4
2020-03-06,0,0,0,0,0,0,3,0,2,0,0,0,0,0,0,0,5
2020-03-07,0,0,0,0,0,0,4,0,2,0,0,0,0,1,0,0,7
2020-03-08,0,0,0,0,0,0,6,0,3,0,0,0,0,1,0,0,10
2020-03-09,0,0,0,0,0,0,9,0,4,0,1,0,0,1,0,0,15
2020-03-10,0,0,0,0,0,0,10,0,5,0,1,0,0,1,0,0,17
2020-03-11,0,0,0,0,0,0,14,0,7,0,1,0,0,1,0,0,23
2020-03-12,0,0,0,0,0,0,23,0,7,1,1,0,0,1,0,0,33
2020-03-13,0,0,0,0,0,0,29,0,8,2,3,0,0,1,0,0,43
2020-03-14,0,0,2,1,0,0,40,0,9,4,3,0,0,1,1,0,61
2020-03-15,0,0,2,1,0,0,54,0,9,4,3,0,0,1,1,0,75
2020-03-16,0,0,2,1,0,1,123,0,9,12,4,1,1,1,1,0,156
2020-03-17,0,0,2,1,0,1,152,0,9,26,4,1,1,1,1,2,201
2020-03-18,0,0,2,1,0,1,174,0,11,26,7,4,1,8,1,2,238
2020-03-19,1,0,2,1,2,4,247,2,14,28,14,7,1,16,1,2,342
2020-03-20,1,0,6,1,3,5,304,6,14,44,19,9,1,18,1,2,434
2020-03-21,1,0,10,1,3,13,359,7,15,58,30,15,1,20,1,3,537
2020-03-22,2,0,11,1,5,16,409,8,25,64,35,27,1,23,1,4,632
2020-03-23,2,1,11,1,6,19,459,8,28,81,46,40,4,33,1,6,746
2020-03-24,2,4,13,1,11,25,540,9,29,105,73,59,6,36,1,8,922
2020-03-25,2,4,19,1,12,32,682,11,30,111,95,74,11,44,1,13,1142
2020-03-26,3,5,20,1,13,44,746,14,31,114,109,111,14,60,2,19,1306
2020-03-27,3,5,21,1,14,49,938,16,32,144,135,143,22,63,2,22,1610
2020-03-28,3,5,25,1,15,71,1084,20,37,172,151,177,27,93,2,26,1909
2020-03-29,4,6,27,2,18,80,1167,21,42,197,185,205,40,104,2,39,2139
2020-03-30,6,8,35,2,27,108,1295,21,54,229,201,247,47,128,2,39,2449
2020-03-31,6,10,35,2,28,115,1420,23,62,245,216,302,58,151,2,63,2738
2020-04-01,6,10,39,3,30,136,1521,26,71,259,240,343,64,181,3,99,3031
2020-04-02,7,12,47,3,34,156,1636,32,82,341,275,389,68,203,5,114,3404
2020-04-03,12,13,54,5,35,176,1742,33,89,370,302,432,78,234,6,156,3737
2020-04-04,12,17,55,5,44,185,1957,38,97,401,347,477,89,259,6,172,4161
2020-04-05,28,20,60,5,50,191,2102,41,103,425,365,509,99,276,7,190,4471
2020-04-06,41,21,68,5,51,198,2244,42,108,474,383,562,104,286,7,221,4815
2020-04-07,53,23,69,6,52,214,2350,42,108,522,410,612,109,299,7,240,5116
2020-04-08,63,26,77,8,56,225,2548,43,119,561,439,669,114,325,7,266,5546
2020-04-09,75,29,92,10,61,230,2832,44,128,571,460,689,118,340,7,286,5972
2020-04-10,87,35,110,13,61,241,3193,44,131,589,474,712,124,349,7,331,6501
2020-04-11,107,38,117,13,64,248,3448,45,134,606,490,739,130,364,7,377,6927
2020-04-12,115,46,138,13,66,254,3599,46,138,613,500,775,135,372,7,396,7213
2020-04-13,115,52,149,13,66,273,3803,48,141,618,512,795,138,380,7,415,7525
2020-04-14,120,62,155,13,66,285,4086,53,142,622,528,816,148,385,7,429,7917
2020-04-15,124,62,176,13,66,299,4334,54,152,634,542,826,150,390,7,444,8273
2020-04-16,129,66,192,13,68,330,4682,54,167,639,559,882,153,399,7,467,8807
2020-04-17,134,73,211,13,68,345,4915,55,223,656,578,907,154,412,7,501,9252
2020-04-18,142,81,226,13,68,359,5192,55,276,667,606,944,156,416,7,522,9730
2020-04-19,145,90,249,13,68,381,5381,55,302,678,616,972,157,421,7,553,10088
2020-04-20,161,93,263,13,69,388,5643,56,304,687,626,1045,162,424,7,566,10507
2020-04-21,170,104,291,13,69,403,5788,57,316,694,636,1092,167,432,7,593,10832
2020-04-22,180,114,326,13,70,421,6083,59,328,703,658,1113,171,445,7,605,11296
2020-04-23,210,128,340,18,70,429,6434,76,333,708,675,1142,173,454,7,615,11812
2020-04-24,239,134,366,21,72,436,6761,81,349,715,683,1184,174,460,7,624,12306
2020-04-25,245,143,391,24,73,454,7165,85,350,725,696,1203,177,465,7,655,12858
2020-04-26,252,156,443,29,73,460,7496,92,354,731,703,1216,178,473,7,668,13331
2020-04-27,265,164,457,35,74,485,7858,94,363,741,706,1236,180,477,7,671,13813
2020-04-28,268,169,481,35,74,493,8300,97,384,747,709,1251,180,477,7,693,14365
2020-04-29,272,183,514,42,76,526,8889,104,392,761,719,1273,182,481,7,714,15135
2020-04-30,279,198,546,43,76,559,9625,108,393,768,727,1293,189,487,7,725,16023
2020-05-01,297,200,589,43,77,568,10516,109,394,768,729,1295,189,501,7,726,17008
2020-05-02,307,212,679,59,78,614,11661,120,396,776,751,1314,196,513,7,752,18435
2020-05-03,308,272,740,67,88,638,12656,125,397,786,759,1328,198,517,7,777,19663
2020-05-04,308,295,760,70,91,656,13528,131,399,787,762,1331,199,524,7,795,20643
2020-05-05,315,322,811,78,97,687,14707,136,408,789,774,1352,199,525,7,809,22016
2020-05-06,318,339,855,80,97,716,15582,145,408,791,789,1362,200,541,7,818,23048
2020-05-07,325,417,895,87,100,781,16828,151,414,793,814,1385,202,545,8,836,24581
2020-05-08,327,459,923,88,111,828,17979,167,425,794,842,1403,203,548,8,867,25972
2020-05-09,337,485,947,117,129,878,18957,182,432,801,882,1418,206,559,8,881,27219
2020-05-10,340,520,978,124,135,933,20353,195,441,812,899,1454,206,575,8,893,28866
2020-05-11,351,547,1014,133,140,970,21317,216,454,814,932,1466,208,592,8,901,30063
2020-05-12,351,578,1109,134,148,1029,22709,224,466,826,942,1482,211,594,8,910,31721
2020-05-13,359,615,1216,139,153,1123,24965,248,485,839,975,1495,212,628,8,921,34381
2020-05-14,363,682,1277,140,165,1213,27216,295,519,849,995,1536,214,633,8,935,37040
2020-05-15,368,779,1331,143,180,1312,29276,323,540,885,1036,1564,219,641,8,937,39542
2020-05-16,377,845,1429,146,187,1365,30794,329,551,921,1074,1587,219,644,8,952,41428
2020-05-17,378,975,1505,149,194,1474,32684,366,573,942,1099,1606,220,647,8,961,43781
2020-05-18,398,1056,1589,157,212,1553,34451,418,602,985,1144,1639,224,652,8,971,46059
2020-05-19,422,1109,1648,158,239,1639,37591,442,640,988,1172,1666,229,656,8,972,49579
2020-05-20,424,1139,1731,163,263,1770,41179,455,680,1011,1224,1680,247,666,8,977,53617
2020-05-21,453,1246,1778,168,268,1887,44641,465,731,1020,1263,1715,258,693,8,987,57581
2020-05-22,471,1393,1841,175,281,2020,48350,492,782,1025,1311,1737,262,717,8,992,61857
2020-05-23,482,1471,1897,182,294,2116,51399,518,823,1077,1354,1774,274,727,8,997,65393
2020-05-24,498,1564,1947,182,323,2230,54544,554,892,1102,1414,1808,290,736,8,1010,69102
2020-05-25,513,1630,2015,185,338,2305,58930,588,953,1139,1458,1857,297,763,10,1016,73997
2020-05-26,522,1737,2063,188,384,2455,62285,654,1013,1147,1502,1883,304,781,12,1031,77961
2020-05-27,541,1811,2137,197,455,2576,66011,691,1066,1174,1565,1916,309,791,12,1037,82289
2020-05-28,562,1957,2248,202,482,2730,69915,705,1120,1205,1677,1954,318,814,14,1040,86943
2020-05-29,582,2093,2318,207,537,2842,72910,745,1180,1242,1778,1989,330,822,16,1047,90638
2020-05-30,588,2250,2429,215,597,3037,76251,756,1256,1256,1888,2060,345,860,16,1054,94858
2020-05-31,619,2361,2510,218,628,3167,80504,785,1297,1257,1979,2071,356,863,17,1056,99688
2020-06-01,636,2526,2585,232,668,3348,85239,813,1341,1290,2070,2111,363,863,17,1056,105159
2020-06-02,654,2594,2649,236,687,3595,88194,843,1381,1290,2082,2141,368,894,18,1060,108686
2020-06-03,701,2682,2716,242,718,3769,92191,931,1595,1329,2215,2173,372,913,18,1063,113628
2020-06-04,736,2810,2862,258,772,4017,95890,967,1732,1372,2301,2182,379,926,19,1069,118292
2020-06-05,782,2965,2924,269,832,4266,99066,1016,1834,1429,2379,2288,390,968,19,1072,122499
2020-06-06,819,3094,3033,281,898,4580,103194,1111,1969,1470,2490,2321,400,985,19,1081,127745
2020-06-07,850,3250,3154,306,990,4862,108462,1183,2109,1490,2595,2377,417,1003,20,1082,134150
2020-06-08,874,3392,3245,339,1123,5149,112136,1255,2176,1552,2651,2410,425,1010,21,1088,138846
2020-06-09,914,3491,3402,348,1175,5391,115126,1317,2289,1584,2694,2445,446,1028,21,1088,142759
2020-06-10,930,3591,3559,365,1256,5614,119746,1442,2440,1616,2846,2488,452,1041,21,1089,148496
2020-06-11,967,3696,3753,389,1345,5865,124135,1552,2560,1673,2974,2535,462,1062,22,1102,154092
2020-06-12,1011,3823,3885,413,1438,6171,129694,1629,2691,1718,3103,2579,479,1083,22,1107,160846
2020-06-13,1062,4004,4038,436,1512,6527,134751,1788,2844,1737,3269,2645,487,1108,24,1123,167355
2020-06-14,1109,4145,4286,448,1556,6758,140398,1927,2997,1778,3401,2675,497,1141,24,1153,174293
2020-06-15,1139,4258,4556,484,1676,7012,144280,2012,3091,1832,3460,2728,529,1168,26,1185,179436
2020-06-16,1156,4365,4643,502,1720,7262,148302,2221,3189,1852,3515,2775,533,1178,26,1210,184449
2020-06-17,1218,4787,5241,561,1980,8253,180532,2797,3386,1929,4015,2815,555,1249,26,1284,220628
2020-06-18,1239,4869,5528,586,2076,8473,183553,3017,3592,1974,4183,2864,567,1263,26,1293,225103
2020-06-19,1295,4995,5828,623,2195,8758,187974,3311,3807,2103,4401,2897,579,1298,27,1302,231393
2020-06-20,1325,5143,6215,650,2273,9014,191577,3613,3958,2135,4658,2920,589,1335,28,1315,236748
2020-06-21,1371,5258,6461,683,2359,9298,195366,3952,4210,2159,4911,2969,610,1385,28,1335,242355
2020-06-22,1420,5355,6708,718,2428,9615,198392,4186,4355,2181,5158,3009,621,1437,28,1352,246963
2020-06-23,1443,5442,6991,747,2485,9901,200861,4361,4504,2195,5328,3027,625,1466,28,1363,250767
2020-06-24,1473,5504,7227,785,2539,10187,203211,4610,4657,2219,5464,3037,629,1483,28,1363,254416
2020-06-25,1511,5577,7515,837,2637,10482,206246,4868,4832,2233,5702,3064,641,1505,29,1385,259064
2020-06-26,1549,5712,7742,887,2705,10797,208862,5136,5013,2274,5958,3105,652,1541,30,1397,263360
2020-06-27,1611,5771,8027,925,2781,11054,211819,5322,5182,2317,6139,3128,659,1573,35,1423,267766
2020-06-28,1649,5893,8308,956,2857,11307,214388,5606,5322,2363,6398,3172,678,1609,41,1435,271982
2020-06-29,1685.0,5974.0,8625.0,1006.0,2961.0,11541.0,216896.0,5844.0,5463.0,2384.0,6595.0,3212.0,689.0,1642.0,42.0,1440.0,275999.0
2020-06-30,1713.0,6049.0,8829.0,1043.0,3050.0,11752.0,219151.0,6081.0,5549.0,2397.0,6697.0,3231.0,701.0,1656.0,42.0,1452.0,279393.0
2020-07-01,1776,6116,9083,1114,3119,12008,220467,6245,5717,2414,6845,3246,706,1684,42,1461,282043
2020-07-02,1832,6215,9285,1135,3170,12201,221820,6445,5820,2447,6951,3267,708,1734,46,1465,284541
2020-07-03,1889,6298,9570,1166,3224,12465,223892,6625,5974,2490,7131,3324,713,1806,46,1476,288089
2020-07-04,1949,6372,9823,1208,3333,12766,226128,6859,6144,2533,7262,3369,720,1856,46,1479,291847
2020-07-05,2006,6508,10119,1253,3434,13051,228208,7068,6265,2577,7456,3399,724,1930,48,1486,295532
2020-07-06,2087,6632,10355,1301,3545,13231,229856,7255,6378,2617,7611,3453,731,1956,48,1501,298557
2020-07-07,2119,6705,10594,1323,3621,13433,231171,7468,6495,2640,7713,3472,735,1978,48,1504,301019
2020-07-08,2179,6789,10825,1357,3688,13598,232158,7567,6581,2700,7816,3482,740,2047,49,1507,303083
2020-07-09,2273,6867,11077,1429,3779,13797,233845,7761,6700,2782,7980,3505,753,2099,49,1520,306216
2020-07-10,2322,6961,11267,1467,3918,14053,235370,8069,6833,2838,8151,3538,758,2146,50,1533,309274
2020-07-11,2395,7050,11580,1522,4026,14257,236699,8210,6946,2909,8295,3557,765,2222,51,1545,312029
2020-07-12,2467,7147,11799,1576,4103,14516,238360,8338,7053,2965,8459,3595,766,2286,56,1555,315041
2020-07-13,2562,7191,12034,1633,4166,14734,239791,8487,7156,2989,8589,3604,769,2331,58,1563,317657
2020-07-14,2638,7217,12224,1674,4179,14903,240655,8639,7241,3013,8680,3615,777,2402,58,1578,319493
2020-07-15,2735,7266,12389,1722,4277,15016,241345,8755,7341,3032,8792,3651,781,2456,60,1587,321205
2020-07-16,2840,7353,12500,1734,4361,15068,242572,8987,7462,3080,8994,3666,796,2564,61,1589,323698
2020-07-17,2936,7451,12716,1736,4486,15261,244073,9163,7603,3095,9150,3687,820,2629,69,1592,326539
2020-07-18,3012,7557,12907,1817,4634,15406,245161,9249,7683,3193,9300,3702,825,2662,69,1600,328846
2020-07-19,3056,7627,13109,1857,4792,15589,245983,9366,7817,3222,9441,3724,833,2761,69,1606,330930
2020-07-20,3188,7761,13226,1895,4918,15771,246946,9472,7884,3250,9591,3747,843,2785,69,1609,333029
2020-07-21,3291,7820,13309,1958,4988,15914,247622,9559,8009,3273,9696,3774,847,2860,69,1612,334683
2020-07-22,3350,7869,13482,1989,5061,16118,248352,9688,8085,3286,9813,3782,848,2933,69,1620,336402
2020-07-23,3482,7953,13648,2048,5208,16316,249355,9817,8200,3323,9982,3806,855,3008,69,1627,338759
2020-07-24,3627,8079,13807,2109,5360,16475,250420,9979,8312,3349,10165,3852,859,3129,70,1631,341304
2020-07-25,3727,8147,13939,2183,5522,16724,251317,10083,8452,3370,10371,3878,867,3261,72,1634,343592
2020-07-26,3862,8188,14093,2339,5685,16863,252122,10194,8574,3377,10553,3902,875,3402,72,1643,345790
2020-07-27,3939,8308,14244,2353,5811,17014,253028,10289,8673,3436,10697,3947,882,3524,75,1657,347923
2020-07-28,4060,8585,14371,2401,5913,17146,253688,10328,8718,3449,10836,3978,887,3635,75,1683,349800
2020-07-29,4159,8648,14510,2463,6056,17256,254354,10415,8830,3479,10980,4023,891,3702,77,1687,351575
2020-07-30,4257,8764,14586,2580,6160,17429,255020,10519,8943,3504,11135,4049,898,3785,77,1743,353536
2020-07-31,4343,8797,14754,2697,6333,17580,255841,10611,9042,3529,11317,4097,904,3907,80,1762,355667
2020-08-01,4450,8863,14884,2792,6423,17767,256628,10699,9103,3556,11493,4123,905,4047,80,1782,357658
2020-08-02,4525,8922,15028,2891,6551,17960,257394,10791,9205,3583,11675,4164,911,4179,83,1806,359731
2020-08-03,4584,8985,15184,3024,6633,18083,258080,10877,9278,3603,11820,4208,919,4241,83,1829,361493
2020-08-04,4662,9045,15279,3058,6742,18222,258579,10918,9367,3616,11942,4235,923,4364,83,1865,362962
2020-08-05,4727,9128,15446,3225,6821,18328,259224,10985,9428,3644,12092,4254,928,4456,83,1891,364723
2020-08-06,4825,9167,15578,3285,6951,18519,259922,11088,9524,3656,12271,4314,933,4552,84,1934,366671
2020-08-07,4911,9252,15711,3413,7072,18682,260657,11220,9639,3703,12498,4344,937,4690,86,1942,368825
2020-08-08,4988,9278,15871,3551,7167,18920,261361,11440,9755,3752,12679,4365,951,4804,86,1992,371023
2020-08-09,5138,9367,16005,3564,7312,19090,262056,11540,9852,3784,12891,4397,955,4932,94,2018,373056
2020-08-10,5241,9419,16155,3868,7447,19243,262647,11621,9919,3823,13021,4437,968,5004,95,2073,375044
2020-08-11,5334,9543,16239,3998,7549,19371,263095,11728,9983,3843,13174,4455,981,5053,95,2109,376616
2020-08-12,5451,9617,16323,4108,7631,19518,263567,11843,10058,3879,13260,4490,987,5149,95,2128,378168
2020-08-13,5512,9702,16434,4195,7777,19700,264222,11950,10095,3910,13484,4528,996,5224,95,2146,380034
2020-08-14,5595,9773,16565,4312,7888,19887,264989,12035,10194,3942,13684,4564,1002,5326,95,2196,382111
2020-08-15,5692,9825,16669,4447,8064,20069,265515,12097,10292,3950,13841,4610,1005,5418,96,2250,383902
2020-08-16,5779,9879,16794,4569,8213,20303,266162,12185,10382,3960,14050,4639,1011,5541,98,2317,385946
2020-08-17,5848,9971,16906,4680,8314,20433,266656,12232,10452,3997,14247,4662,1013,5589,98,2339,387502
2020-08-18,5899,10035,16970,4807,8435,20549,267000,12300,10526,4027,14363,4705,1015,5653,98,2407,388855
2020-08-19,5935,10085,17044,4870,8529,20712,267327,12365,10601,4056,14499,4736,1017,5710,98,2387,390037
2020-08-20,6004,10137,17114,4913,8638,20868,267924,12464,10724,4100,14748,4771,1021,5809,99,2451,391849
2020-08-21,6083,10213,17249,4983,8743,21057,268476,12547,10824,4140,14994,4833,1029,5894,99,2541,393769
2020-08-22,6167,10262,17333,5089,8900,21224,269118,12606,10928,4206,15212,4882,1039,5964,101,2612,395708
2020-08-23,6210,10331,17405,5156,9097,21418,269691,12678,11025,4245,15493,4906,1056,6062,101,2727,397665
2020-08-24,6290,10385,17539,5259,9229,21589,270199,12805,11100,4305,15753,4922,1061,6118,102,2847,399568
2020-08-25,6330,10428,17597,5348,9327,21702,270658,12881,11171,4344,15902,4962,1065,6157,106,2943,400985
2020-08-26,6375,10465,17683,5375,9451,21846,271016,12974,11267,4414,16042,4989,1068,6221,110,3004,402365
2020-08-27,6419,10504,17784,5413,9551,22026,271486,13043,11352,4468,16377,5003,1079,6270,110,3149,404102
2020-08-28,6482,10539,17857,5480,9680,22243,272039,13136,11442,4556,16632,5046,1085,6379,114,3207,405972
2020-08-29,6538,10603,17962,5556,9739,22478,272598,13238,11543,4648,16991,5086,1090,6448,123,3313,408009
2020-08-30,6599,10646,18069,5625,9819,22711,273239,13321,11656,4705,17216,5119,1097,6557,123,3417,409974
2020-08-31,6666,10685,18130,5670,9951,22917,273720,13409,11735,4785,17476,5150,1114,6608,124,3530,411726
2020-09-01,6721,10713,18192,5738,10011,23089,274145,13497,11806,4810,17632,5185,1124,6659,124,3643,413145
2020-09-02,6746,10760,18255,5794,10124,23308,274611,13582,11882,4838,17785,5228,1128,6743,124,3775,414739
2020-09-03,6808,10796,18344,5807,10215,23460,275138,13697,12005,4887,18036,5288,1155,6794,124,3891,416501
2020-09-04,6862,10832,18415,5843,10303,23662,275710,13797,12179,4976,18335,5349,1166,6861,124,4000,418469
2020-09-05,6912,10873,18499,5880,10407,23873,276282,13903,12287,5029,18569,5398,1181,6949,132,4206,420434
2020-09-06,6967,10913,18587,5930,10492,24068,276900,13986,12420,5123,18859,5443,1197,7089,136,4345,422510
2020-09-07,7030,10934,18672,5965,10588,24207,277374,14084,12587,5164,19072,5487,1214,7136,136,4570,424274
2020-09-08,7069,10973,18741,6016,10641,24328,277726,14186,12657,5199,19225,5524,1225,7169,136,4672,425541
2020-09-09,7101,11021,18792,6082,10714,24438,278241,14247,12770,5229,19390,5595,1253,7225,136,4738,427027
2020-09-10,7138,11051,18871,6110,10792,24605,278713,14334,12949,5272,19635,5667,1275,7262,143,4797,428669
2020-09-11,7187,11091,18934,6163,10885,24788,279129,14449,13139,5362,19866,5758,1305,7372,143,4910,430535
2020-09-12,7227,11132,18996,6207,11001,24986,279672,14599,13295,5448,20105,5830,1344,7454,144,5171,432666
2020-09-13,7281,11193,19051,6253,11095,25182,280152,14723,13478,5551,20349,5916,1391,7519,154,5405,434748
2020-09-14,7331,11234,19121,6298,11174,25373,280615,14807,13611,5624,20537,5967,1418,7583,167,5518,436433
2020-09-15,7378,11271,19175,6374,11264,25524,280938,14933,13711,5681,20714,6066,1442,7678,175,5603,437983
2020-09-16,7424,11293,19251,6394,11306,25616,281280,15028,13831,5703,20854,6132,1456,7716,178,5770,439287
2020-09-17,7457,11339,19299,6433,11367,25740,281734,15153,14015,5766,21119,6194,1474,7816,188,6000,441150
2020-09-18,7498,11381,19343,6468,11443,25940,282119,15270,14174,5828,21355,6266,1491,7887,202,6108,442827
2020-09-19,7561,11401,19391,6552,11497,26095,282535,15386,14317,5881,21564,6358,1500,8086,223,6273,444674
2020-09-20,7614,11435,19428,6585,11530,26211,282989,15492,14436,5958,21717,6416,1514,8187,232,6476,446274
2020-09-21,7627,11469,19456,6643,11558,26278,283189,15595,14525,5990,21827,6514,1554,8224,242,6724,447468
2020-09-22,7659,11497,19505,6663,11577,26331,283412,15646,14631,6016,21973,6601,1566,8278,253,6861,448523
2020-09-23,7704,11512,19549,6721,11600,26430,283748,15747,14780,6038,22137,6698,1591,8335,269,6990,449903
2020-09-24,7748,11531,19616,6744,11640,26579,284147,15861,14928,6080,22410,6753,1634,8434,287,7188,451634
2020-09-25,7818,11572,19683,6788,11693,26759,284591,15983,15100,6136,22680,6911,1673,8656,301,7470,453868
2020-09-26,7873,11616,19751,6828,11746,26940,285095,16090,15277,6214,22944,7012,1721,8794,321,7703,455979
2020-09-27,7955,11672,19833,6882,11823,27086,285508,16193,15424,6279,23153,7120,1777,8961,330,7852,457901
2020-09-28,8024,11707,19880,6951,11875,27203,285939,16266,15542,6320,23343,7206,1817,9130,331,8083,459671
2020-09-29,8081,11748,19908,6990,11915,27321,286236,16379,15635,6364,23477,7261,1870,9290,417,8355,461300
2020-09-30,8146,11792,19963,7029,11962,27442,286701,16461,15756,6384,23610,7440,1915,9360,453,8524,462991
2020-10-01,8207,11842,20000,7066,11995,27566,287116,16565,15915,6433,23824,7585,1957,9491,479,8656,464750
2020-10-02,8286,11878,20065,7098,12040,27687,287583,16644,16078,6497,24010,7722,2015,9651,496,8787,466590
2020-10-03,8354,11947,20135,7135,12095,27827,287903,16748,16184,6531,24192,7869,2063,9849,532,9054,468471
2020-10-04,8416,11976,20182,7155,12126,27982,288266,16807,16313,6564,24400,7991,2116,9996,566,9272,470179
2020-10-05,8460,12005,20244,7183,12159,28072,288628,16899,16441,6588,24551,8157,2143,10175,568,9422,471746
2020-10-06,8512,12036,20276,7225,12191,28174,288872,16971,16539,6608,24683,8289,2203,10354,575,9746,473306
2020-10-07,8562,12062,20301,7260,12216,28273,289158,17010,16587,6624,24780,8393,2239,10444,600,9880,474440
2020-10-08,8623,12092,20365,7294,12248,28359,289470,17093,16706,6671,24944,8594,2278,10576,608,10043,476016
2020-10-09,8676,12109,20430,7310,12267,28465,289899,17168,16844,6712,25120,8794,2336,10714,641,10233,477769
2020-10-10,8720,12142,20479,7351,12294,28600,290232,17257,16970,6740,25349,8939,2378,10893,662,10536,479595
2020-10-11,8763,12209,20537,7377,12312,28719,290596,17353,17098,6781,25570,9105,2428,11115,696,10660,481371
2020-10-12,8823,12235,20603,7420,12338,28814,290908,17409,17227,6812,25761,9255,2465,11245,714,10769,482888
2020-10-13,8866,12271,20637,7440,12362,28883,291182,17507,17303,6856,25948,9410,2509,11444,729,10881,484280
2020-10-14,8916,12301,20666,7470,12374,28938,291433,17544,17359,6881,26089,9533,2529,11559,748,10980,485372
2020-10-15,8961,12316,20700,7486,12396,29022,291676,17590,17407,6887,26266,9678,2550,11683,774,11053,486496
2020-10-16,9021,12351,20742,7506,12421,29117,292059,17639,17498,6909,26569,9842,2616,11926,792,11130,488190
2020-10-17,9064,12389,20813,7548,12449,29241,292430,17791,17657,6957,26802,9940,2693,12165,824,11190,490003
2020-10-18,9116,12409,20849,7572,12476,29353,292804,17895,17780,6987,27056,10169,2740,12401,832,11271,491760
2020-10-19,9143,12445,20891,7613,12490,29440,293194,17986,17891,7036,27210,10300,2786,12572,859,11399,493305
2020-10-20,9165,12468,20936,7626,12513,29507,293436,18053,17959,7054,27397,10419,2836,12697,881,11481,494478
2020-10-21,9202,12511,20960,7646,12530,29584,293680,18114,18002,7078,27542,10583,2860,12845,914,11536,495637
2020-10-22,9256,12542,21002,7670,12544,29681,294031,18187,18086,7116,27732,10688,2919,13077,929,11621,497131
2020-10-23,9307,12580,21036,7697,12557,29755,294373,18248,18188,7172,27978,11007,2973,13338,951,11696,498906
2020-10-24,9357,12611,21091,7714,12579,29854,294729,18326,18291,7208,28207,11185,3037,13559,973,11771,500542
2020-10-25,9398,12643,21136,7729,12598,29937,295067,18387,18401,7235,28406,11361,3101,13797,975,11842,502063
2020-10-26,9440,12688,21185,7765,12608,30011,295404,18432,18492,7270,28617,11556,3161,13990,988,11941,503598
2020-10-27,9463,12727,21210,7783,12612,30067,295546,18467,18525,7292,28775,11670,3231,14147,992,11968,504525
2020-10-28,9483,12761,21243,7802,12631,30119,295796,18495,18542,7316,28895,11849,3279,14252,996,12021,505530
2020-10-29,9517,12806,21302,7816,12649,30188,296129,18563,18657,7359,29106,12026,3314,14464,1011,12093,507050
2020-10-30,9560,12852,21337,7843,12663,30258,296419,18610,18797,7410,29310,12195,3400,14688,1023,12157,508571
2020-10-31,9603,12907,21358,7867,12678,30342,296812,18655,18905,7465,29535,12370,3509,14894,1035,12272,510256
2020-11-01,9625,12938,21404,7879,12692,30450,297119,18711,18985,7520,29731,12592,3595,15165,1044,12365,511864
2020-11-02,9644,12973,21447,7887,12698,30498,297423,18749,19061,7534,29931,12726,3690,15391,1060,12427,513188
2020-11-03,9670,12983,21465,7896,12711,30555,297630,18781,19105,7584,30078,12865,3758,15513,1061,12498,514202
2020-11-04,9690,13009,21478,7905,12722,30596,297806,18804,19132,7592,30205,12988,3818,15623,1074,12551,515042
2020-11-05,9730,13046,21506,7906,12733,30671,298153,18846,19224,7613,30459,13241,3898,15780,1082,12645,516582
2020-11-06,9773,13101,21545,7910,12744,30744,298521,18905,19308,7659,30716,13503,3993,16094,1093,12732,518390
2020-11-07,9805,13157,21600,7913,12756,30829,298817,18939,19420,7698,30975,13680,4069,16346,1103,12821,519977
2020-11-08,9840,13204,21618,7920,12763,30917,299139,18994,19484,7747,31218,13946,4168,16535,1108,12908,521558
2020-11-09,9873,13249,21654,7925,12777,30972,299382,19049,19568,7793,31414,14096,4251,16736,1114,12977,522879
2020-11-10,9886,13240,21681,7934,12783,31021,299569,19076,19603,7832,31541,14288,4318,16933,1117,13036,523907
2020-11-11,9902,13266,21692,7939,12790,31071,299726,19101,19638,7848,31705,14458,4392,17045,1127,13055,524804
2020-11-12,9932,13318,21733,7942,12807,31163,300026,19137,19717,7899,32057,14630,4500,17265,1136,13127,526438
2020-11-13,9949,13365,21782,7960,12812,31261,300290,19176,19861,7950,32338,14783,4613,17509,1142,13192,528030
2020-11-14,9974,13390,21820,7966,12831,31331,300603,19241,19946,7989,32613,15020,4703,17754,1149,13300,529676
2020-11-15,10000,13419,21861,7977,12840,31423,300954,19264,20027,8028,32850,15207,4823,18036,1163,13355,531273
2020-11-16,10017,13425,21879,7985,12846,31467,301207,19321,20096,8118,33110,15311,4905,18293,1167,13411,532604
2020-11-17,10025,13477,21897,7998,12853,31505,301364,19357,20151,8149,33271,15453,4997,18437,1172,13458,533610
2020-11-18,10043,13505,21901,8017,12861,31554,301575,19380,20196,8173,33441,15571,5054,18569,1182,13489,534558
2020-11-19,10067,13532,21928,8023,12875,31620,301884,19421,20286,8219,33740,15750,5114,18775,1190,13542,536012
2020-11-20,10099,13570,21959,8034,12901,31700,302198,19447,20360,8280,33992,15936,5253,18981,1195,13634,537585
2020-11-21,10109,13596,21988,8039,12927,31766,302540,19507,20444,8331,34276,16101,5344,19222,1210,13697,539143
2020-11-22,10125,13617,22008,8066,12938,31837,302827,19548,20536,8399,34517,16299,5446,19435,1217,13779,540640
2020-11-23,10143,13646,22032,8077,12961,31900,303145,19603,20596,8445,34786,16429,5554,19634,1218,13865,542080
2020-11-24,10149,13657,22045,8090,12982,31965,303349,19644,20642,8486,34936,16550,5623,19735,1221,13967,543087
2020-11-25,10156,13691,22058,8096,12998,32011,303588,19658,20680,8515,35157,16688,5687,19822,1231,14010,544092
2020-11-26,10176,13746,22088,8100,13016,32110,303852,19699,20768,8583,35472,16882,5770,20013,1236,14105,545662
2020-11-27,10187,13793,22124,8113,13035,32180,304181,19733,20861,8628,35802,17048,5870,20175,1242,14205,547223
2020-11-28,10205,13831,22151,8138,13070,32293,304601,19783,20928,8696,36075,17249,5958,20355,1252,14310,548941
2020-11-29,10220,13848,22180,8148,13113,32391,304916,19818,21010,8758,36344,17405,6037,20542,1259,14396,550430
2020-11-30,10239,13876,22226,8161,13132,32441,305218,19857,21095,8812,36599,17531,6105,20667,1269,14470,551743
2020-12-01,10242,13911,22243,8168,13147,32483,305412,19894,21129,8854,36848,17702,6180,20776,1270,14560,552864
2020-12-02,10252,13919,22255,8178,13159,32546,305689,19939,21188,8872,37038,17874,6235,20857,1273,14579,553898
2020-12-03,10265,13942,22268,8177,13188,32630,305995,19998,21259,8935,37431,18009,6349,20991,1273,14651,555406
2020-12-04,10279,13988,22296,8188,13206,32724,306462,20048,21322,9010,37750,18210,6429,21157,1277,14744,557135
2020-12-05,10293,13993,22320,8200,13267,32824,306862,20079,21393,9060,38049,18376,6492,21311,1283,14821,558668
2020-12-06,10307,14035,22355,8203,13283,32938,307311,20122,21476,9114,38419,18510,6596,21465,1288,14915,560382
2020-12-07,10321,14105,22384,8213,13346,33020,307625,20180,21571,9161,38788,18774,6689,21615,1294,15011,562142
2020-12-08,10323,14123,22412,8226,13364,33097,307966,20248,21707,9210,39010,18923,6769,21728,1298,15085,563534
2020-12-09,10340,14150,22429,8238,13381,33149,308319,20284,21755,9239,39258,19057,6823,21831,1312,15168,564778
2020-12-10,10358,14184,22459,8246,13417,33224,308692,20328,21848,9311,39665,19165,6919,22045,1315,15219,566440
2020-12-11,10372,14235,22491,8256,13439,33320,309047,20369,21939,9373,39947,19367,7009,22146,1322,15297,567974
2020-12-12,10404,14238,22526,8261,13464,33420,309491,20416,22055,9422,40373,19518,7087,22346,1327,15388,569781
2020-12-13,10429,14320,22593,8271,13483,33549,309969,20466,22193,9483,40770,19786,7214,22515,1336,15497,571919
2020-12-14,10451,14371,22653,8276,13574,33633,310468,20514,22329,9542,41168,19891,7314,22640,1341,15620,573830
2020-12-15,10463,14443,22690,8285,13612,33725,310828,20561,22452,9577,41411,20075,7380,22747,1344,15691,575329
2020-12-16,10472,14519,22716,8294,13642,33819,311182,20596,22585,9619,41676,20184,7445,22840,1354,15743,576731
2020-12-17,10475,14601,22779,8306,13681,33984,311670,20660,22686,9687,42085,20313,7528,23053,1365,15814,578732
2020-12-18,10525,14656,22850,8317,13731,34118,312320,20711,22871,9751,42568,20531,7663,23214,1368,15896,581135
2020-12-19,10537,14717,22907,8329,13762,34245,312847,20796,23054,9813,42987,20784,7795,23382,1385,15970,583354
2020-12-20,10567,14784,22955,8349,13816,34376,313373,20850,23231,9887,43391,20998,7878,23597,1394,16055,585545
2020-12-21,10582,14848,23030,8365,13854,34466,313791,20922,23420,9941,43812,21179,7949,23756,1399,16130,587488
2020-12-22,10593,14942,23089,8388,13898,34575,314135,20959,23550,9986,44065,21341,8043,23940,1406,16235,589189
2020-12-23,10610,15006,23132,8402,13931,34670,314583,21026,23703,10026,44342,21501,8113,24128,1417,16280,590914
2020-12-24,10650,15097,23200,8419,13974,34847,315148,21077,23960,10118,44784,21688,8206,24302,1432,16364,593310
2020-12-25,10674,15191,23306,8442,14028,35011,315724,21136,24193,10208,45209,21870,8294,24579,1450,16472,595831
2020-12-26,10696,15287,23380,8450,14067,35149,316304,21230,24457,10320,45631,22090,8418,24866,1470,16535,598394
2020-12-27,10705,15388,23420,8465,14084,35252,316710,21283,24637,10391,45917,22272,8456,25045,1478,16558,600105
2020-12-28,10725,15452,23485,8472,14113,35333,317210,21353,24883,10513,46144,22446,8487,25223,1514,16631,602028
2020-12-29,10747,15530,23541,8484,14142,35382,317700,21391,25090,10573,46461,22585,8645,25417,1529,16725,603986
2020-12-30,10777,15656,23626,8489,14184,35500,318263,21455,25248,10617,46780,22707,8720,25547,1552,16785,605950
2020-12-31,10805,15733,23744,8503,14232,35727,319054,21531,25463,10708,47391,22928,8852,25814,1574,16870,608973
2021-01-01,10859,15896,23887,8520,14308,35982,319937,21682,25783,10821,47898,23161,9004,26170,1588,17010,612564
2021-01-02,10906,16006,24049,8554,14358,36281,320809,21787,25876,10878,48380,23395,9193,26659,1609,17104,615902
2021-01-03,10934,16108,24132,8581,14393,36426,321248,21858,26348,10965,48716,23556,9276,26830,1619,17142,618191
2021-01-04,10946,16211,24249,8610,14429,36565,321724,21935,26702,11038,48916,23896,9357,27145,1644,17217,620641
2021-01-05,10968,16438,24369,8620,14483,36685,322355,22027,26963,11107,49228,24061,9454,27321,1650,17316,623101
2021-01-06,11027,16573,24508,8635,14511,36832,322909,22131,27117,11151,49508,24257,9567,27579,1675,17445,625483
2021-01-07,11071,16704,24733,8675,14580,37130,323726,22285,27344,11220,50095,24483,9758,28053,1693,17571,629176
2021-01-08,11119,16973,24938,8725,14648,37465,324650,22410,27674,11335,50585,24845,9980,28536,1735,17708,633381
2021-01-09,11196,17155,25193,8774,14719,37778,325580,22546,28028,11428,51160,25171,10226,29146,1777,17810,637742
2021-01-10,11243,17340,25430,8826,14785,38158,326465,22705,28341,11552,51665,25493,10462,29677,1812,17916,641923
2021-01-11,11341,17513,25737,8829,14918,38356,327287,22879,28618,11640,52198,25712,10671,30285,1847,18008,645892
2021-01-12,11389,17715,25951,8919,14986,38593,327921,22981,28858,11741,52541,26002,10812,30675,1851,18147,649135
2021-01-13,11422,17907,26142,8985,15053,38806,328631,23056,29225,11806,52829,26264,10940,31251,1893,18262,652525
2021-01-14,11519,18186,26345,9038,15128,39099,329427,23201,29678,11879,53336,26588,11143,31812,1921,18360,656712
2021-01-15,11579,18426,26575,9095,15240,39377,330251,23358,30105,11990,53945,26935,11310,32482,1974,18486,661180
2021-01-16,11664,18573,27007,9178,15334,39617,331131,23503,30447,12099,54454,27204,11564,33102,2002,18562,665493
2021-01-17,11780,18804,27406,9236,15402,39907,331935,23655,30823,12195,54896,27529,11784,33762,2043,18623,669832
2021-01-18,11876,19003,27762,9291,15491,40097,332646,23813,31201,12323,55335,27807,11976,34280,2069,18728,673750
2021-01-19,11939,19178,28110,9336,15587,40265,333217,23943,31462,12438,55728,28054,12195,34735,2110,18802,677151
2021-01-20,11982,19418,28282,9376,15683,40456,333879,24105,31783,12522,56069,28440,12359,35305,2156,18873,680740
2021-01-21,12065,19633,28450,9456,15792,40846,334764,24276,32114,12631,56594,28757,12593,35889,2189,19006,685107
2021-01-22,12160,19789,28954,9535,15896,41138,335669,24540,32462,12774,57177,29059,12851,36642,2227,19141,690066
2021-01-23,12251,19950,29285,9602,16013,41397,336483,24682,32799,12921,57766,29386,13071,37489,2265,19235,694647
2021-01-24,12339,20123,29567,9665,16119,41669,337533,24870,33024,13053,58212,29732,13316,38197,2316,19324,699110
2021-01-25,12417,20276,29859,9737,16224,41868,338398,25028,33429,13137,58668,30029,13515,38759,2353,19430,703178
2021-01-26,12480,20395,30088,9820,16345,42036,339021,25161,33683,13246,58941,30341,13713,39304,2370,19505,706500
2021-01-27,12563,20591,30273,9882,16452,42218,339671,25349,34023,13327,59221,30737,13892,39676,2395,19567,709888
2021-01-28,12654,20718,30582,9952,16567,42491,340663,25513,34308,13443,59735,30981,14093,40338,2411,19643,714143
2021-01-29,12761,20908,30905,10001,16718,42811,341529,25765,34775,13595,60175,31192,14350,40996,2440,19777,718749
2021-01-30,12855,21033,31159,10081,16839,43029,342453,25985,35158,13714,60569,31538,14523,41573,2478,19862,722900
2021-01-31,12966,21169,31486,10183,16951,43288,343193,26145,35551,13821,61078,31873,14729,42154,2515,19956,727109
2021-02-01,13066,21253,31724,10306,17073,43531,343889,26324,35924,13947,61436,32194,14886,42709,2529,20045,730888
2021-02-02,13148,21631,32020,10373,17195,43626,344391,26491,36242,14040,61727,32382,15030,43026,2538,20124,734035
2021-02-03,13195,21783,32164,10426,17294,43758,344925,26611,36451,14117,61952,32616,15214,43332,2571,20185,736645
2021-02-04,13266,21943,32471,10476,17435,44021,345608,26716,36761,14252,62382,32832,15376,43796,2589,20262,740237
2021-02-05,13346,22064,32784,10526,17637,44266,346283,26863,37083,14348,62813,33200,15504,44254,2611,20386,744019
2021-02-06,13447,22197,33059,10614,17793,44519,347194,27057,37438,14468,63209,33502,15684,44760,2631,20459,748082
2021-02-07,13548,22305,33262,10673,17933,44748,348022,27243,37841,14576,63605,33811,15870,45194,2662,20542,751886
2021-02-08,13638,22438,33579,10744,18069,44982,348716,27386,38149,14687,64001,34002,16035,45563,2693,20617,755350
2021-02-09,13684,22552,33789,10811,18197,45127,349282,27512,38395,14812,64260,34327,16148,45881,2700,20661,758189
2021-02-10,13747,22651,33917,10870,18282,45290,349861,27596,38534,14894,64525,34523,16260,46111,2715,20749,760576
2021-02-11,13831,22770,34196,10909,18405,45558,350679,27752,38842,15023,64991,34850,16411,46465,2743,20831,764307
2021-02-12,13926,22911,34488,10975,18572,45802,351567,27912,39182,15204,65609,35135,16626,46860,2763,20888,768471
2021-02-13,13981,23045,34768,11049,18695,46025,352483,28113,39476,15376,66024,35499,16778,47249,2802,20981,772395
2021-02-14,14101,23183,34988,11104,18865,46306,353343,28280,39725,15503,66512,35837,16913,47633,2827,21039,776209
2021-02-15,14182,23287,35191,11193,19009,46487,354078,28387,39983,15649,66930,36121,17089,47962,2849,21094,779541
2021-02-16,14228,23376,35319,11260,19099,46659,354731,28456,40136,15722,67229,36361,17230,48169,2866,21148,782039
2021-02-17,14281,23445,35413,11299,19171,46853,355276,28545,40231,15790,67533,36669,17305,48395,2873,21185,784314
2021-02-18,14383,23636,35660,11327,19329,47151,356216,28681,40531,15921,68013,36904,17443,48731,2902,21264,788142
2021-02-19,14481,23743,35892,11367,19475,47484,357108,28848,40816,16016,68493,37198,17645,49042,2928,21353,791939
2021-02-20,14564,23860,36150,11460,19635,47831,357924,28992,41099,16146,69036,37557,17786,49378,2956,21421,795845
2021-02-21,14656,23986,36362,11548,19817,48071,358729,29143,41401,16250,69519,37841,17994,49622,2973,21498,799460
2021-02-22,14754,24086,36579,11584,19972,48325,359659,29280,41678,16349,69933,38191,18165,49869,2991,21544,803009
2021-02-23,14811,24182,36724,11682,20084,48480,360251,29316,41812,16406,70249,38382,18292,50011,3003,21582,805317
2021-02-24,14862,24244,36825,11758,20161,48683,360908,29463,41918,16483,70583,38681,18393,50224,3008,21628,807872
2021-02-25,14934,24427,37055,11794,20349,49112,361991,29644,42228,16608,71197,39015,18662,50548,3025,21686,812344
2021-02-26,15012,24536,37291,11865,20580,49466,363065,29915,42530,16747,71833,39472,18904,50854,3045,21744,816929
2021-02-27,15098,24658,37536,11937,20740,49881,364151,30127,42859,16844,72394,39823,19182,51254,3062,21807,821418
2021-02-28,15155,24756,37740,12006,20935,50266,365272,30317,43100,16916,72985,40217,19433,51538,3072,21850,825625
2021-03-01,15212,24812,37943,12042,21113,50590,366339,30537,43399,17065,73544,40643,19633,51848,3085,21914,829770
2021-03-02,15264,24867,38075,12150,21289,50799,366852,30700,43555,17135,73946,41008,19774,52016,3092,21939,832512
2021-03-03,15291,24983,38216,12212,21399,51040,367681,30872,43709,17171,74338,41313,19961,52240,3102,21973,835552
2021-03-04,15371,25104,38411,12256,21599,51414,368835,31046,44021,17338,75073,41648,20212,52567,3120,22053,840119
2021-03-05,15458,25224,38610,12331,21832,51823,370427,31263,44350,17465,75733,42105,20518,53001,3142,22117,845450
2021-03-06,15530,25236,38801,12389,22034,52249,371757,31500,44730,17608,76496,42469,20896,53406,3160,22171,850483
2021-03-07,15576,25256,38993,12474,22282,52701,373433,31782,45108,17735,77217,42911,21086,53780,3176,22224,855785
2021-03-08,15663,25297,39153,12539,22493,53074,374788,32038,45444,17840,77914,43324,21369,54098,3188,22260,860533
2021-03-09,15689,25391,39314,12598,22665,53357,375653,32212,45586,17953,78421,43691,21605,54380,3196,22302,864064
2021-03-10,15729,25700,39405,12686,22791,53640,376911,32359,45767,18057,78920,44030,21793,54586,3204,22320,867949
2021-03-11,15833,25826,39619,12738,22987,54166,378657,32555,46164,18159,79742,44438,22064,54923,3219,22371,873512
2021-03-12,15912,25983,39850,12812,23223,54700,380246,32862,46518,18355,80697,44930,22385,55307,3228,22426,879485
2021-03-13,15983,26143,40033,12896,23449,55247,382023,33128,46845,18521,81532,45429,22680,55695,3238,22486,885379
2021-03-14,16035,26308,40205,13001,23667,55712,383820,33381,47202,18642,82424,45933,22940,56010,3246,22533,891110
2021-03-15,16151,26418,40424,13064,23841,56195,385479,33610,47482,18769,83212,46272,23159,56271,3266,22567,896231
2021-03-16,16192,26487,40573,13142,24014,56428,386822,33909,47787,18874,83996,46717,23391,56539,3276,22584,900782
2021-03-17,16307,26562,40687,13221,24124,56930,388297,34126,47991,18986,84494,47161,23609,56774,3294,22598,905212
2021-03-18,16439,26727,40907,13257,24359,57624,390518,34406,48324,19089,85185,47694,23906,57039,3305,22639,911469
2021-03-19,16527,26868,41108,13352,24602,58222,392640,34718,48703,19307,86120,48219,24273,57353,3314,22680,918053
2021-03-20,16627,26989,41340,13437,24860,58905,394830,35065,49174,19458,87088,48894,24571,57741,3339,22725,925089
2021-03-21,16698,27147,41512,13547,25048,59602,397152,35390,49597,19687,87985,49370,24927,58115,3356,22760,931939
2021-03-22,16759,27303,41732,13626,25266,60173,399044,35673,50100,19807,88840,49923,25228,58414,3373,22787,938094
2021-03-23,16808,27453,41886,13696,25453,60500,400604,35854,50563,19976,89466,50413,25429,58617,3383,22811,942958
2021-03-24,16850,27624,42024,13778,25572,61023,402170,36120,50770,20140,90090,50903,25610,58821,3402,22840,947783
2021-03-25,16955,27824,42261,13810,25768,61832,404648,36396,51172,20309,90942,51417,25930,59151,3412,22889,954762
2021-03-26,17042,28007,42459,13896,25975,62561,407339,36777,51691,20448,91950,52027,26216,59521,3445,22921,962321
2021-03-27,17106,28177,42639,13962,26225,63349,410283,37091,52186,20608,92750,52662,26560,59851,3456,22962,969913
2021-03-28,17207,28339,42820,14035,26395,64222,412718,37444,52735,20819,93593,53344,26846,60205,3478,22997,977243
2021-03-29,17279,28421,43021,14113,26578,64931,415718,37794,53242,21015,94448,53825,27032,60485,3485,23051,984484
2021-03-30,17321,28547,43129,14187,26799,65328,417276,38162,53637,21146,94969,54385,27282,60683,3508,23087,989492
2021-03-31,17399,28766,43243,14282,26875,65910,419769,38436,54132,21360,95470,54915,27478,60819,3531,23107,995538
2021-04-01,17547,28994,43473,14337,27060,66886,422691,38752,54573,21531,96422,55409,27740,61246,3563,23136,1003406
2021-04-02,17631,29159,43684,14437,27346,67761,425592,39164,55194,21718,97259,55948,28149,61630,3583,23184,1011485
2021-04-03,17685,29361,43885,14553,27581,68491,428817,39549,55763,21917,98167,56480,28442,61916,3599,23226,1019478
2021-04-04,17772,29521,44100,14668,27801,69217,431597,39927,56329,22042,98962,56960,28675,62281,3622,23265,1026785
2021-04-05,17826,29629,44260,14762,27940,69757,433899,40197,56924,22222,99455,57506,28824,62431,3640,23294,1032612
2021-04-06,17866,29786,44372,14886,28077,70171,436060,40421,57256,22332,100045,57926,28968,62586,3653,23329,1037780
2021-04-07,17938,30009,44493,15027,28163,70605,438293,40639,57629,22423,100614,58241,29118,62736,3677,23371,1043022
2021-04-08,18088,30213,44753,15102,28345,71533,441611,40972,58085,22572,101511,58822,29354,63091,3727,23443,1051270
2021-04-09,18192,30445,44992,15243,28570,72473,445044,41466,58843,22785,102469,59416,29722,63491,3746,23478,1060421
2021-04-10,18286,30614,45223,15373,28712,73276,447964,41886,59590,23014,103180,60101,30021,63911,3763,23562,1068522
2021-04-11,18375,30773,45412,15540,28915,74092,451044,42273,60260,23241,103973,60651,30261,64218,3791,23634,1076499
2021-04-12,18473,30908,45586,15652,29117,74708,453350,42620,60821,23410,104655,61173,30418,64458,3827,23698,1082920
2021-04-13,18528,31089,45767,15804,29250,75214,455602,42936,61286,23553,105184,61685,30559,64642,3832,23733,1088710
2021-04-14,18571,31234,45874,15945,29336,75752,457893,43230,61805,23676,105700,62092,30682,64788,3844,23794,1094267
2021-04-15,18693,31445,46144,16051,29528,76425,460647,43458,62416,23826,106538,62646,30938,65150,3871,23874,1101698
2021-04-16,18794,31625,46350,16150,29770,77138,463316,43822,63042,24012,107307,63310,31270,65501,3896,23960,1109311
2021-04-17,18909,31784,46563,16342,29935,77896,466405,44211,63719,24189,108132,64022,31445,65820,3915,24013,1117348
2021-04-18,18995,31937,46745,16511,30090,78576,469248,44581,64355,24370,108786,64668,31653,66115,3946,24094,1124718
2021-04-19,19100,32046,46957,16620,30260,79129,471634,44915,65017,24513,109463,65244,31883,66313,3966,24232,1131340
2021-04-20,19147,32186,47079,16784,30397,79506,473595,45178,65480,24640,109896,65724,32001,66478,3981,24315,1136435
2021-04-21,19214,32374,47208,16960,30504,79969,475537,45387,65961,24701,110312,66083,32156,66626,3994,24369,1141403
2021-04-22,19356,32556,47426,17073,30666,80630,478293,45641,66426,24856,110955,66656,32304,66917,4047,24466,1148320
2021-04-23,19471,32702,47649,17208,30883,81259,481171,45975,67211,24994,111596,67353,32492,67221,4085,24577,1155902
2021-04-24,19577,32815,47839,17366,31064,81935,483760,46339,67770,25165,112217,67914,32728,67476,4107,24684,1162811
2021-04-25,19693,32948,48001,17513,31224,82562,486365,46641,68362,25319,112831,68429,32931,67761,4148,24753,1169536
2021-04-26,19800,33088,48185,17606,31394,83104,488817,46886,68900,25483,113301,68882,33097,68002,4169,24845,1175614
2021-04-27,19915,33217,48269,17728,31528,83424,490170,47144,69318,25589,113642,69284,33184,68154,4192,24959,1179772
2021-04-28,19965,33352,48370,17897,31616,83833,492120,47336,69710,25681,113921,69576,33317,68267,4211,25044,1184271
2021-04-29,20057,33517,48545,17983,31810,84390,494775,47607,70308,25811,114575,70092,33456,68569,4245,25196,1190991
2021-04-30,20139,33662,48754,18112,32014,84934,497605,47964,70936,25960,115178,70700,33714,68882,4288,25348,1198245
2021-05-01,20227,33793,48908,18214,32215,85433,500160,48250,71475,26133,115732,71375,33883,69126,4317,25459,1204755
2021-05-02,20326,33927,49072,18336,32361,85927,502622,48501,72014,26258,116214,71987,34008,69383,4371,25545,1210920
2021-05-03,20402,34056,49218,18396,32497,86309,504385,48815,72496,26440,116636,72331,34171,69576,4383,25632,1215815
2021-05-04,20461,34122,49298,18500,32639,86523,505560,48958,72792,26514,116887,72684,34285,69665,4412,25709,1219064
2021-05-05,20514,34217,49368,18637,32728,86869,507084,49202,73012,26577,117336,72910,34393,69793,4454,25800,1222949
2021-05-06,20653,34330,49512,18722,32900,87425,509581,49449,73550,26771,117874,73328,34597,70084,4486,25932,1229248
2021-05-07,20727,34481,49667,18836,33121,88051,512159,49815,74112,26915,118363,73835,34768,70321,4520,26033,1235778
2021-05-08,20821,34631,49839,18961,33289,88576,514591,50094,74678,27049,118872,74277,34923,70620,4556,26145,1241976
2021-05-09,20935,34733,49990,19075,33465,89065,516649,50361,75155,27168,119341,74716,35089,70857,4576,26240,1247469
2021-05-10,21020,34829,50126,19125,33639,89415,518928,50654,75587,27316,119736,75170,35208,71042,4649,26310,1252808
2021-05-11,21048,34953,50246,19223,33789,89660,520517,50838,75792,27375,120057,75453,35316,71194,4666,26365,1256546
2021-05-12,21084,35002,50327,19343,33874,89930,522277,51016,76041,27454,120330,75722,35432,71355,4728,26479,1260448
2021-05-13,21193,35107,50529,19408,34055,90422,524859,51270,76602,27573,120907,76071,35631,71595,4773,26552,1266601
2021-05-14,21373,35273,50708,19517,34254,90925,527769,51551,77087,27752,121454,76602,35811,71932,4811,26643,1273516
2021-05-15,21471,35371,50893,19613,34477,91440,530559,51941,77602,27897,122083,77064,35971,72227,4863,26719,1280252
2021-05-16,21551,35473,51030,19710,34640,91949,533346,52253,78041,28057,122564,77498,36125,72522,4905,26830,1286548
2021-05-17,21623,35585,51187,19758,34824,92300,535590,52505,78471,28187,123124,77918,36296,72796,4967,26911,1292096
2021-05-18,21656,35661,51282,19881,34992,92510,537013,52794,78764,28246,123469,78175,36409,72993,5011,26952,1295862
2021-05-19,21703,35751,51392,19994,35090,92813,539242,53111,79063,28349,123813,78407,36545,73213,5080,27009,1300629
2021-05-20,21813,35888,51580,20110,35335,93405,542636,53417,79556,28527,124478,78835,36778,73629,5169,27101,1308311
2021-05-21,21946,35985,51776,20256,35581,93947,545797,53853,80103,28720,125112,79298,37014,74013,5237,27221,1315913
2021-05-22,22047,36072,51950,20375,35836,94461,549229,54285,80618,28855,125716,79646,37251,74409,5314,27295,1323413
2021-05-23,22144,36161,52109,20437,36074,94909,552133,54599,81106,29044,126229,80020,37405,74766,5346,27382,1329918
2021-05-24,22212,36233,52258,20545,36271,95251,554477,54842,81541,29126,126662,80373,37530,75005,5454,27427,1335261
2021-05-25,22279,36287,52367,20676,36411,95527,556318,55043,81850,29237,127015,80557,37634,75194,5486,27486,1339421
2021-05-26,22337,36330,52455,20812,36543,95942,558744,55312,82167,29324,127396,80815,37828,75477,5554,27528,1344618
2021-05-27,22452,36453,52638,20879,36763,96546,562403,55657,82761,29530,128044,81226,38157,75932,5647,27581,1352723
2021-05-28,22531,36568,52869,21037,37120,97221,566129,56083,83306,29737,128783,81766,38464,76349,5713,27651,1361381
2021-05-29,22635,36665,53081,21196,37357,97830,569995,56389,83826,29947,129509,82262,38703,76835,5774,27698,1369756
2021-05-30,22713,36758,53256,21346,37660,98408,573471,56819,84282,30091,130101,82709,38947,77279,5849,27763,1377507
2021-05-31,22813,36851,53436,21434,37859,98897,576507,57179,84864,30254,130575,83068,39167,77659,5935,27794,1384346
2021-06-01,22869,36920,53547,21550,38095,99195,578764,57524,85191,30380,130916,83368,39299,77832,6026,27827,1389357
2021-06-02,22926,36974,53658,21706,38247,99645,581583,57816,85522,30482,131293,83585,39450,78068,6093,27871,1394973
2021-06-03,23043,37060,53849,21784,38550,100280,585397,58219,86051,30685,131861,83925,39730,78475,6200,27938,1403101
2021-06-04,23143,37134,54009,21838,38841,100896,589294,58703,86602,30906,132522,84371,39945,78811,6286,27991,1411346
2021-06-05,23244,37219,54195,21982,39148,101604,593602,59159,87131,31111,133162,84827,40219,79201,6368,28040,1420266
2021-06-06,23298,37306,54382,22160,39489,102388,597100,59529,87488,31271,133761,85258,40462,79463,6450,28097,1427956
2021-06-07,23404,37384,54523,22194,39766,102941,600466,59803,87896,31444,134267,85684,40687,79749,6501,28122,1434884
2021-06-08,23453,37463,54667,22275,39979,103429,603049,60163,88280,31559,134618,85972,40830,79943,6541,28143,1440417
2021-06-09,23517,37524,54739,22343,40143,103937,605784,60466,88564,31640,134945,86198,41001,80124,6616,28176,1445770
2021-06-10,23592,37622,54918,22435,40329,104635,609494,60809,89091,31802,135567,86527,41238,80483,6656,28227,1453478
2021-06-11,23692,37725,55070,22537,40676,105366,613130,61132,89556,31955,136129,86974,41573,80828,6747,28276,1461419
2021-06-12,23773,37817,55224,22676,40985,105990,616610,61524,90115,32102,136669,87366,41870,81090,6821,28305,1468992
2021-06-13,23834,37884,55347,22913,41278,106729,620026,61876,90541,32277,137192,87763,42131,81392,6888,28350,1476473
2021-06-14,23938,37960,55534,23005,41547,107182,622863,62146,90973,32489,137642,88114,42289,81602,6946,28381,1482663
2021-06-15,23995,38009,55651,23099,41857,107588,624796,62440,91253,32624,137916,88336,42468,81757,6997,28401,1487239
2021-06-16,24043,38061,55743,23265,41953,108030,626919,62652,91460,32687,138215,88501,42593,81901,7052,28434,1491561
2021-06-17,24138,38177,55927,23386,42267,108667,629848,62909,91876,32799,138705,88898,42802,82199,7126,28455,1498231
2021-06-18,24242,38267,56084,23526,42590,109340,632562,63212,92354,32917,139224,89257,43164,82460,7203,28542,1505001
2021-06-19,24335,38372,56245,23679,42877,109856,635213,63506,92823,33054,139641,89668,43402,82680,7279,28593,1511275
2021-06-20,24433,38443,56364,23792,43148,110477,637592,63792,93211,33176,140111,90009,43603,82837,7324,28654,1517018
2021-06-21,24498,38496,56501,23850,43475,111006,639842,64030,93555,33307,140490,90300,43731,83043,7362,28685,1522223
2021-06-22,24539,38554,56566,23909,43652,111418,641356,64120,93723,33356,140718,90591,43859,83167,7386,28697,1525663
2021-06-23,24587,38584,56620,23975,43766,111663,642611,64279,93888,33422,140915,90719,43960,83254,7400,28712,1528409
2021-06-24,24638,38637,56714,24078,43888,112046,644102,64411,94111,33484,141165,90923,44092,83354,7437,28740,1531872
2021-06-25,24759,38706,56886,24216,44127,112611,646198,64669,94411,33585,141699,91268,44388,83617,7501,28778,1537471
2021-06-26,24841,38790,57029,24309,44363,113124,648227,64851,94744,33687,142140,91669,44613,83863,7541,28799,1542642
2021-06-27,24915,38840,57119,24391,44556,113607,649857,65063,95093,33798,142456,91974,44861,84115,7595,28811,1547103
2021-06-28,24996,38894,57319,24428,44738,113975,651380,65207,95413,33862,142792,92314,44995,84315,7628,28829,1551137
2021-06-29,25031,38957,57392,24553,44871,114206,652286,65317,95619,33939,143001,92490,45137,84437,7641,28845,1553774
2021-06-30,25061,38986,57450,24650,44989,114452,653080,65413,95736,33966,143168,92623,45219,84541,7652,28864,1555902
2021-07-01,25109,39019,57541,24775,45076,114724,654152,65501,95925,33996,143376,92750,45366,84636,7681,28878,1558557
2021-07-02,25202,39077,57684,24859,45208,115141,655613,65620,96213,34082,143751,93051,45597,84842,7710,28912,1562613
2021-07-03,25279,39121,57826,25023,45398,115547,656911,65785,96469,34154,144069,93332,45805,85014,7741,28936,1566461
2021-07-04,25333,39177,57919,25052,45548,115898,658099,65901,96713,34238,144371,93580,45991,85177,7779,28957,1569784
2021-07-05,25387,39236,57994,25117,45675,116194,659075,66033,96896,34322,144628,93796,46110,85322,7796,28967,1572608
2021-07-06,25429,39268,58028,25190,45765,116431,659724,66087,96993,34375,144753,93966,46203,85421,7799,28982,1574465
2021-07-07,25450,39297,58071,25239,45814,116633,660544,66145,97089,34419,144897,94063,46293,85519,7821,28991,1576336
2021-07-08,25528,39362,58197,25354,45937,116985,661632,66262,97332,34470,145191,94241,46483,85701,7863,29002,1579591
2021-07-09,25581,39411,58256,25491,46062,117292,662581,66372,97491,34542,145418,94475,46632,85839,7885,29012,1582391
2021-07-10,25628,39450,58357,25664,46341,117572,663273,66463,97663,34606,145676,94719,46786,85976,7911,29024,1585160
2021-07-11,25665,39485,58425,25766,46398,117833,664080,66554,97807,34665,145888,94882,46901,86083,7961,29034,1587478
2021-07-12,25713,39515,58489,25831,46501,118064,664880,66625,97984,34704,146085,95028,46986,86155,7972,29040,1589623
2021-07-13,25736,39541,58523,25935,46553,118200,665349,66659,98034,34729,146201,95092,47042,86215,7978,29049,1590887
2021-07-14,25764,39560,58549,25987,46596,118302,665822,66695,98099,34770,146318,95184,47119,86279,7979,29056,1592130
2021-07-15,25897,39649,58695,26066,46697,118507,666498,66769,98314,34825,146508,95311,47261,86396,7991,29061,1594496
2021-07-16,26008,39740,58813,26147,46785,118685,667120,66829,98413,34863,146682,95484,47373,86487,8004,29065,1596549
2021-07-17,26092,39803,58940,26206,46869,118859,667607,66869,98645,34916,146864,95623,47478,86574,8016,29069,1598481
2021-07-18,26113,39817,58980,26240,46941,119020,668136,66897,98704,34941,147015,95747,47557,86625,8022,29073,1599879
2021-07-19,26126,39835,58996,26289,46993,119097,668479,66926,98767,34960,147117,95815,47614,86713,8024,29081,1600883
2021-07-20,26134,39928,59130,26340,47036,119182,668727,66958,98806,34974,147194,95884,47657,86749,8025,29083,1601858
2021-07-21,26147,39988,59226,26382,47108,119262,668999,66986,98863,34992,147276,95929,47731,86795,8029,29090,1602854
2021-07-22,26177,40067,59379,26455,47181,119458,669511,67043,98965,35028,147487,96015,47860,86909,8033,29094,1604713
2021-07-23,26192,40095,59419,26506,47245,119608,670164,67102,99065,35061,147627,96132,47968,86988,8035,29100,1606358
2021-07-24,26214,40125,59458,26547,47311,119721,670690,67162,99160,35086,147766,96206,48047,87058,8038,29109,1607749
2021-07-25,26240,40150,59482,26589,47377,119860,671193,67235,99252,35126,147896,96293,48134,87144,8046,29109,1609177
2021-07-26,26256,40184,59519,26613,47423,119958,671607,67273,99320,35172,148012,96379,48203,87212,8049,29114,1610345
2021-07-27,26269,40192,59535,26630,47453,120030,671917,67291,99374,35188,148063,96419,48255,87259,8049,29115,1611090
2021-07-28,26288,40200,59547,26654,47490,120101,672267,67317,99436,35201,148133,96465,48303,87295,8049,29120,1611917
2021-07-29,26312,40240,59591,26689,47533,120210,672814,67358,99531,35243,148248,96556,48366,87371,8051,29124,1613288
2021-07-30,26325,40265,59624,26719,47582,120339,673338,67396,99603,35280,148367,96661,48445,87454,8053,29127,1614629
2021-07-31,26333,40311,59654,26723,47619,120435,673808,67445,99680,35312,148465,96749,48503,87498,8055,29130,1615771
2021-08-01,26350,40334,59679,26756,47676,120533,674280,67473,99764,35335,148581,96834,48550,87554,8058,29134,1616942
2021-08-02,26358,40352,59710,26773,47709,120603,674717,67495,99822,35357,148659,96872,48580,87597,8059,29138,1617852
2021-08-03,26364,40393,59718,26789,47718,120650,674990,67521,99853,35363,148702,96927,48611,87606,8060,29141,1618457
2021-08-04,26373,40428,59770,26806,47744,120698,675311,67540,99886,35376,148754,96958,48653,87632,8061,29142,1619183
2021-08-05,26396,40454,59825,26821,47790,120817,675809,67574,99964,35408,148863,97026,48699,87678,8065,29149,1620389
2021-08-06,26411,40521,59947,26830,47821,120939,676269,67603,100027,35434,148949,97096,48734,87719,8069,29151,1621571
2021-08-07,26428,40551,59988,26837,47857,121023,676674,67627,100078,35454,149025,97155,48755,87778,8073,29155,1622509
2021-08-08,26435,40570,60007,26853,47889,121099,677045,67648,100129,35474,149112,97199,48791,87824,8075,29162,1623363
2021-08-09,26460,40597,60025,26871,47915,121170,677525,67673,100192,35484,149194,97247,48810,87857,8078,29167,1624316
2021-08-10,26469,40625,60031,26893,47939,121203,677764,67684,100214,35491,149220,97266,48845,87876,8079,29173,1624823
2021-08-11,26482,40666,60092,26904,47958,121247,678059,67701,100257,35502,149253,97278,48870,87892,8082,29162,1625456
2021-08-12,26493,40755,60164,26920,47996,121354,678506,67743,100322,35531,149330,97313,48905,87954,8083,29172,1626594
2021-08-13,26507,40734,60218,26917,48020,121436,678928,67763,100383,35559,149378,97352,48933,87978,8086,29185,1627428
2021-08-14,26520,40756,60229,26934,48042,121522,679382,67786,100436,35578,149449,97373,48953,88001,8094,29187,1628293
2021-08-15,26528,40776,60245,26940,48084,121627,679816,67817,100494,35604,149511,97404,48962,88041,8099,29193,1629192
2021-08-16,26537,40789,60261,26946,48104,121693,680183,67836,100535,35617,149585,97440,48985,88067,8104,29199,1629932
2021-08-17,26538,40799,60266,26949,48119,121737,680376,67851,100563,35621,149612,97460,49002,88076,8108,29202,1630330
2021-08-18,26545,40815,60271,26955,48136,121778,680629,67873,100601,35628,149647,97473,49008,88096,8113,29212,1630831
2021-08-19,26551,40793,60334,26966,48158,121862,681022,67900,100657,35648,149747,97505,49025,88132,8123,29215,1631689
2021-08-20,26558,40813,60344,26979,48173,121924,681400,67935,100703,35664,149810,97541,49037,88155,8132,29221,1632441
2021-08-21,26574,40870,60403,26989,48185,121989,681678,67964,100754,35674,149860,97578,49046,88180,8138,29221,1633153
2021-08-22,26577,40890,60414,26996,48199,122045,681983,68013,100806,35685,149910,97603,49059,88219,8140,29226,1633816
2021-08-23,26587,40910,60431,27006,48214,122107,682238,68042,100842,35696,149972,97625,49062,88236,8142,29233,1634394
2021-08-24,26588,40915,60440,27007,48222,122141,682466,68055,100853,35699,149995,97653,49064,88243,8149,29234,1634774
2021-08-25,26594,40921,60450,27011,48231,122177,682678,68068,100879,35705,150020,97665,49078,88255,8153,29235,1635173
2021-08-26,26600,40945,60481,27030,48252,122227,683038,68110,100930,35719,150087,97699,49091,88299,8163,29237,1635958
2021-08-27,26611,40960,60494,27041,48267,122283,683394,68135,100967,35728,150132,97733,49102,88323,8170,29237,1636627
2021-08-28,26615,40970,60504,27045,48280,122344,683730,68152,100994,35734,150171,97754,49120,88360,8173,29238,1637234
2021-08-29,26618,40992,60520,27056,48297,122395,684020,68177,101041,35739,150207,97783,49134,88386,8175,29239,1637829
2021-08-30,26623,41004,60539,27067,48314,122433,684275,68198,101061,35752,150233,97814,49144,88409,8175,29239,1638330
2021-08-31,26639,41014,60544,27067,48322,122467,684436,68215,101074,35754,150262,97839,49154,88421,8176,29240,1638675
2021-09-01,26647,41040,60559,27071,48339,122498,684643,68239,101088,35757,150312,97857,49166,88439,8176,29242,1639123
2021-09-02,26648,41052,60577,27086,48355,122542,684898,68269,101130,35766,150363,97889,49184,88470,8177,29242,1639698
2021-09-03,26652,41060,60593,27099,48378,122574,685141,68290,101150,35782,150394,97919,49196,88494,8177,29243,1640192
2021-09-04,26657,41076,60604,27107,48394,122610,685352,68313,101181,35800,150440,97941,49207,88514,8177,29243,1640666
2021-09-05,26665,41086,60621,27116,48410,122638,685557,68321,101208,35805,150484,97959,49214,88536,8177,29244,1641091
2021-09-06,26678,41098,60653,27134,48417,122656,685755,68353,101224,35824,150516,97977,49217,88553,8177,29244,1641526
2021-09-07,26683,41105,60685,27141,48425,122670,685881,68372,101230,35831,150538,97983,49219,88557,8177,29244,1641791
2021-09-08,26695,41112,60695,27146,48430,122695,686096,68384,101251,35835,150550,97993,49231,88561,8178,29245,1642146
2021-09-09,26719,41121,60727,27163,48440,122722,686336,68404,101270,35842,150592,98011,49236,88590,8179,29245,1642646
2021-09-10,26742,41141,60754,27177,48453,122745,686583,68426,101283,35851,150645,98026,49242,88610,8184,29245,1643156
2021-09-11,26766,41154,60777,27185,48469,122773,686795,68443,101309,35853,150694,98045,49248,88639,8185,29246,1643630
2021-09-12,26789,41163,60795,27191,48475,122802,687019,68457,101336,35864,150719,98061,49257,88662,8186,29246,1644071
2021-09-13,26817,41182,60831,27211,48490,122825,687232,68466,101363,35874,150752,98068,49260,88680,8191,29249,1644540
2021-09-14,26837,41195,60856,27213,48499,122840,687353,68493,101380,35877,150774,98075,49262,88688,8191,29250,1644832
2021-09-15,26856,41212,60868,27218,48509,122865,687552,68508,101400,35878,150820,98089,49264,88696,8199,29250,1645233
2021-09-16,26885,41240,60889,27230,48526,122890,687827,68536,101436,35890,150871,98099,49271,88720,8211,29250,1645820
2021-09-17,26911,41261,60923,27237,48533,122916,688130,68561,101467,35901,150914,98109,49280,88744,8218,29249,1646403
2021-09-18,26943,41288,60951,27247,48551,122949,688406,68577,101505,35912,150957,98128,49289,88765,8231,29246,1646994
2021-09-19,26970,41304,60976,27248,48565,122973,688631,68590,101523,35919,151003,98138,49295,88799,8240,29246,1647469
2021-09-20,26984,41310,60987,27250,48572,122981,688761,68600,101546,35926,151041,98148,49297,88807,8241,29246,1647746
2021-09-21,26998,41317,61005,27255,48579,122997,688906,68605,101562,35927,151064,98154,49300,88820,8242,29246,1648026
2021-09-22,27037,41327,61032,27263,48592,123027,689198,68618,101574,35944,151104,98164,49303,88824,8248,29246,1648550
2021-09-23,27060,41348,61087,27277,48619,123057,689670,68647,101609,35963,151162,98177,49316,88859,8262,29247,1649409
2021-09-24,27092,41375,61119,27301,48646,123104,690113,68675,101645,35977,151212,98199,49323,88880,8280,29248,1650238
2021-09-25,27126,41386,61183,27313,48667,123140,690488,68696,101687,35983,151277,98218,49330,88912,8283,29247,1650985
2021-09-26,27151,41403,61225,27330,48694,123205,690878,68720,101732,35988,151318,98238,49334,88944,8292,29249,1651750
2021-09-27,27163,41423,61265,27345,48727,123246,691167,68732,101775,36001,151362,98248,49344,88965,8302,29250,1652364
2021-09-28,27196,41452,61287,27349,48751,123264,691346,68742,101810,36013,151401,98253,49348,88973,8310,29251,1652795
2021-09-29,27225,41467,61317,27357,48771,123305,691673,68761,101852,36024,151435,98267,49349,88993,8310,29251,1653406
2021-09-30,27268,41498,61378,27365,48806,123362,692083,68792,101885,36040,151489,98287,49372,89019,8320,29251,1654264
2021-10-01,27299,41536,61414,27382,48832,123421,692495,68823,101923,36049,151518,98324,49384,89042,8329,29251,1655071
2021-10-02,27347,41557,61473,27393,48861,123482,692888,68846,101953,36077,151562,98356,49393,89057,8337,29253,1655884
2021-10-03,27371,41580,61503,27415,48887,123563,693236,68871,101984,36089,151605,98378,49403,89074,8340,29254,1656602
2021-10-04,27388,41619,61553,27429,48913,123604,693569,68894,102010,36106,151631,98400,49408,89084,8345,29254,1657256
2021-10-05,27394,41649,61580,27438,48927,123637,693832,68921,102026,36112,151661,98418,49408,89095,8347,29255,1657749
2021-10-06,27413,41663,61613,27449,48959,123679,694240,68944,102070,36120,151697,98425,49416,89102,8351,29254,1658444
2021-10-07,27432,41706,61651,27457,48974,123768,694780,68970,102099,36138,151737,98449,49433,89129,8359,29255,1659386
2021-10-08,27453,41723,61683,27464,48997,123849,695380,69002,102146,36149,151777,98470,49447,89167,8361,29255,1660372
2021-10-09,27467,41761,61714,27479,49032,123933,695949,69050,102191,36163,151816,98485,49464,89195,8367,29255,1661370
2021-10-10,27494,41777,61752,27496,49070,124031,696549,69066,102260,36191,151862,98501,49480,89220,8380,29255,1662433
2021-10-11,27505,41810,61788,27511,49100,124100,697084,69094,102316,36213,151923,98516,49492,89240,8386,29256,1663383
2021-10-12,27517,41830,61824,27516,49108,124140,697419,69124,102358,36226,151952,98534,49497,89255,8387,29256,1663992
2021-10-13,27529,41867,61846,27536,49116,124206,697836,69155,102394,36237,151985,98548,49508,89268,8389,29256,1664725
2021-10-14,27560,41888,61889,27548,49143,124295,698550,69191,102467,36256,152056,98568,49517,89289,8393,29257,1665916
2021-10-15,27591,41910,61962,27567,49188,124400,699562,69238,102532,36287,152148,98596,49543,89317,8401,29256,1667547
2021-10-16,27619,41955,62059,27580,49216,124553,700586,69286,102614,36308,152219,98626,49556,89348,8407,29256,1669236
2021-10-17,27650,41998,62121,27593,49249,124673,701531,69312,102722,36332,152263,98644,49575,89371,8409,29259,1670750
2021-10-18,27660,42025,62179,27603,49283,124776,702302,69356,102812,36364,152320,98666,49598,89400,8413,29260,1672065
2021-10-19,27683,42061,62212,27611,49309,124839,702841,69397,102857,36377,152358,98685,49620,89426,8413,29261,1672998
2021-10-20,27709,42073,62265,27622,49333,124962,703543,69457,102922,36392,152438,98702,49638,89442,8414,29266,1674226
2021-10-21,27728,42110,62336,27648,49376,125080,704587,69514,103053,36418,152530,98747,49684,89476,8416,29268,1676019
2021-10-22,27754,42156,62417,27664,49444,125247,705755,69568,103185,36451,152619,98780,49698,89542,8422,29273,1678023
2021-10-23,27771,42205,62479,27697,49520,125408,706899,69654,103291,36489,152731,98818,49721,89586,8425,29275,1680017
2021-10-24,27789,42234,62524,27702,49594,125590,707950,69716,103396,36524,152800,98846,49767,89627,8437,29284,1681828
2021-10-25,27809,42264,62611,27732,49649,125741,708844,69782,103515,36554,152862,98866,49779,89668,8440,29287,1683451
2021-10-26,27824,42302,62654,27742,49715,125828,709472,69836,103579,36571,152923,98884,49789,89705,8449,29287,1684608
2021-10-27,27845,42342,62712,27766,49765,125943,710522,69908,103659,36596,153002,98922,49813,89728,8454,29293,1686318
2021-10-28,27858,42379,62806,27794,49840,126129,711821,69949,103773,36620,153102,98946,49847,89774,8468,29300,1688454
2021-10-29,27880,42447,62873,27819,49912,126318,713135,70029,103875,36650,153219,99014,49878,89858,8480,29302,1690735
2021-10-30,27903,42467,62980,27862,49990,126501,714294,70121,103980,36681,153373,99047,49898,89923,8496,29315,1692877
2021-10-31,27918,42524,63025,27873,50062,126696,715520,70208,104079,36703,153545,99094,49947,89967,8512,29329,1695048
2021-11-01,27939,42557,63088,27902,50142,126846,716440,70266,104172,36735,153646,99142,49967,90032,8531,29335,1696786
2021-11-02,27944,42595,63127,27916,50197,126945,717132,70340,104254,36775,153747,99181,49988,90056,8546,29338,1698127
2021-11-03,27958,42612,63174,27942,50234,127056,717830,70396,104305,36791,153840,99220,50012,90097,8573,29341,1699427
2021-11-04,27992,42647,63234,27973,50292,127216,718906,70456,104387,36809,153982,99250,50036,90152,8585,29353,1701316
2021-11-05,28010,42677,63305,28008,50388,127464,720241,70530,104580,36845,154147,99298,50091,90244,8596,29356,1703826
2021-11-06,28035,42737,63399,28051,50493,127758,721669,70613,104689,36875,154395,99381,50138,90343,8626,29374,1706622
2021-11-07,28052,42773,63463,28097,50606,128032,722845,70702,104816,36920,154645,99479,50207,90444,8674,29388,1709189
2021-11-08,28084,42820,63559,28125,50713,128276,723898,70752,104936,36951,154845,99546,50232,90516,8738,29405,1711442
2021-11-09,28104,42866,63614,28170,50777,128443,724575,70826,105059,36986,155012,99617,50267,90637,8777,29412,1713188
2021-11-10,28146,42907,63681,28196,50853,128699,725622,70850,105156,37027,155228,99712,50299,90697,8816,29417,1715352
2021-11-11,28175,42970,63787,28256,50951,128955,726838,70951,105277,37074,155525,99778,50373,90830,8865,29434,1718085
2021-11-12,28204,43062,63928,28315,51049,129239,728072,71049,105431,37121,155815,99875,50477,90967,8917,29458,1721025
2021-11-13,28235,43126,64065,28390,51172,129519,729207,71138,105547,37162,156043,99965,50593,91082,8965,29473,1723728
2021-11-14,28256,43186,64135,28435,51249,129861,730207,71210,105689,37210,156371,100068,50745,91298,9023,29492,1726481
2021-11-15,28276,43219,64203,28521,51330,130070,731076,71285,105824,37258,156633,100170,50848,91449,9058,29501,1728767
2021-11-16,28302,43256,64248,28565,51406,130203,731678,71354,105959,37289,156858,100234,50893,91575,9084,29506,1730456
2021-11-17,28321,43310,64353,28607,51493,130449,732469,71411,106075,37342,157113,100294,50932,91671,9169,29521,1732576
2021-11-18,28349,43383,64480,28725,51602,130695,733428,71455,106235,37391,157423,100384,51003,91845,9213,29530,1735187
2021-11-19,28374,43497,64620,28798,51728,131019,734297,71519,106358,37448,157771,100477,51081,92057,9255,29540,1737885
2021-11-20,28397,43559,64682,28860,51815,131330,735248,71584,106523,37522,158072,100618,51154,92243,9294,29549,1740496
2021-11-21,28414,43625,64747,28944,51926,131602,736106,71692,106677,37579,158387,100737,51223,92526,9345,29561,1743137
2021-11-22,28419,43668,64793,29037,52034,131874,736830,71749,106824,37628,158665,100837,51268,92661,9398,29574,1745305
2021-11-23,28429,43730,64901,29084,52142,132027,737240,71818,106917,37686,158924,100912,51318,92864,9449,29578,1747065
2021-11-24,28464,43818,65004,29129,52242,132261,737894,71872,107032,37743,159153,100976,51356,93048,9477,29584,1749099
2021-11-25,28488,43884,65088,29236,52336,132567,738750,71932,107161,37830,159516,101089,51465,93266,9519,29596,1751769
2021-11-26,28504,43951,65137,29335,52477,132828,739540,71995,107299,37919,159859,101212,51571,93586,9570,29614,1754443
2021-11-27,28521,44009,65198,29383,52638,133147,740278,72072,107449,38011,160216,101340,51656,93870,9619,29624,1757077
2021-11-28,28533,44047,65257,29442,52752,133422,740930,72149,107581,38098,160598,101442,51717,94113,9642,29636,1759405
2021-11-29,28538,44079,65319,29550,52847,133636,741488,72201,107669,38163,160869,101543,51754,94365,9659,29639,1761365
2021-11-30,28549,44102,65361,29603,52922,133755,741827,72233,107754,38243,161051,101620,51797,94518,9724,29646,1762751
2021-12-01,28565,44127,65397,29637,53017,133933,742257,72279,107838,38297,161251,101689,51850,94683,9747,29661,1764274
2021-12-02,28577,44182,65474,29718,53112,134157,742865,72339,107951,38342,161631,101780,51945,94907,9793,29674,1766493
2021-12-03,28588,44204,65565,29780,53218,134393,743411,72386,108041,38435,161950,101857,52018,95151,9844,29697,1768584
2021-12-04,28595,44229,65633,29841,53311,134583,743979,72434,108154,38507,162265,101963,52091,95402,9873,29713,1770620
2021-12-05,28603,44251,65687,29907,53412,134791,744412,72479,108242,38578,162560,102071,52198,95679,9904,29727,1772547
2021-12-06,28610,44273,65730,29964,53492,134951,744767,72518,108325,38627,162796,102142,52246,95880,9939,29742,1774048
2021-12-07,28617,44298,65767,30004,53548,135042,745045,72537,108356,38660,162984,102199,52298,96102,9965,29744,1775212
2021-12-08,28642,44334,65814,30032,53609,135183,745403,72558,108422,38701,163199,102257,52357,96312,9974,29756,1776599
2021-12-09,28651,44355,65861,30085,53715,135353,745799,72599,108526,38750,163481,102336,52459,96573,10005,29776,1778370
2021-12-10,28662,44368,65911,30156,53781,135474,746163,72643,108610,38799,163768,102419,52507,96732,10033,29793,1779865
2021-12-11,28685,44393,65971,30182,53880,135623,746493,72671,108660,38838,163959,102492,52574,96897,10051,29812,1781227
2021-12-12,28696,44409,66020,30219,53957,135788,746851,72695,108736,38869,164263,102608,52661,97088,10074,29824,1782804
2021-12-13,28705,44441,66054,30273,54023,135906,747194,72735,108805,38908,164472,102714,52700,97270,10088,29831,1784165
2021-12-14,28712,44459,66090,30290,54087,135995,747453,72758,108850,38939,164615,102779,52744,97362,10105,29840,1785124
2021-12-15,28723,44488,66150,30317,54133,136118,747712,72774,108894,38956,164777,102846,52792,97460,10127,29871,1786184
2021-12-16,28739,44503,66228,30350,54193,136281,748059,72805,108972,38999,165021,102937,52861,97641,10149,29892,1787676
2021-12-17,28756,44540,66277,30384,54239,136437,748422,72849,109030,39060,165241,103014,52926,97808,10158,29922,1789109
2021-12-18,28770,44568,66328,30417,54301,136589,748752,72883,109098,39099,165435,103124,52978,98019,10173,29944,1790524
2021-12-19,28805,44601,66391,30450,54340,136744,748983,72905,109169,39135,165669,103198,53039,98154,10183,29964,1791776
2021-12-20,28876,44620,66440,30489,54380,136832,749222,72934,109240,39178,165846,103267,53098,98260,10195,29979,1792902
2021-12-21,28942,44641,66482,30514,54423,136924,749424,72959,109289,39203,165946,103326,53145,98338,10200,29984,1793786
2021-12-22,28963,44660,66515,30534,54447,137023,749714,72965,109333,39225,166074,103396,53205,98430,10219,30001,1794750
2021-12-23,28994,44686,66576,30595,54478,137178,750129,72985,109376,39272,166298,103464,53315,98594,10223,30023,1796232
2021-12-24,29062,44709,66603,30635,54528,137324,750489,73025,109429,39309,166529,103536,53391,98725,10238,30052,1797631
2021-12-25,29120,44742,66670,30679,54583,137482,750878,73076,109476,39340,166732,103636,53470,98871,10255,30069,1799125
2021-12-26,29062,44765,66714,30702,54641,137614,751245,73085,109536,39377,166902,103728,53546,98967,10264,30086,1800280
2021-12-27,29073,44792,66740,30713,54662,137674,751497,73114,109554,39389,167021,103782,53587,99017,10276,30096,1801033
2021-12-28,29081,44825,66771,30727,54694,137747,751763,73131,109594,39399,167111,103836,53625,99058,10282,30105,1801795
2021-12-29,28911,44893,66832,30746,54729,137875,752234,73146,109643,39421,167280,103905,53677,99135,10290,30128,1802891
2021-12-30,28941,44997,66899,30780,54788,138058,752808,73175,109711,39459,167522,104022,53773,99250,10299,30154,1804682
2021-12-31,28966,45165,66965,30824,54839,138268,753301,73210,109774,39501,167762,104150,53839,99380,10311,30194,1806494
2022-01-01,29002,45371,67038,30857,54884,138453,753929,73236,109826,39539,167943,104302,53915,99506,10331,30221,1808398
2022-01-02,29033,45663,67097,30891,54934,138609,754564,73287,109888,39557,168140,104423,53984,99599,10343,30245,1810302
2022-01-03,29068,45790,67141,30896,54970,138675,754920,73308,109914,39577,168252,104497,54001,99635,10353,30255,1811297
2022-01-04,29126,45881,67180,30909,55007,138773,755331,73324,109940,39595,168339,104555,54020,99700,10356,30267,1812348
2022-01-05,29212,46096,67262,30931,55057,138919,756104,73349,109976,39616,168453,104647,54060,99781,10363,30317,1814188
2022-01-06,29398,46450,67403,30979,55132,139174,757307,73408,110046,39669,168691,104772,54136,99921,10377,30392,1817300
2022-01-07,29613,46896,67562,31047,55226,139481,758765,73447,110135,39727,168907,104987,54259,100064,10392,30518,1821071
2022-01-08,29810,47450,67805,31101,55327,139864,760465,73527,110228,39795,169112,105258,54345,100206,10406,30671,1825417
2022-01-09,30054,47976,68076,31173,55422,140193,761896,73599,110321,39860,169321,105504,54459,100351,10421,30764,1829437
2022-01-10,30233,48628,68333,31227,55525,140523,763351,73675,110402,39931,169538,105720,54538,100442,10449,30916,1833478
2022-01-11,30410,49271,68608,31263,55648,140793,764860,73737,110470,40002,169660,105938,54613,100513,10467,31090,1837390
2022-01-12,30641,49882,68953,31344,55784,141244,766800,73837,110561,40053,169844,106145,54756,100577,10489,31261,1842218
2022-01-13,31022,50704,69423,31498,55968,141914,769841,73936,110715,40158,170141,106520,54881,100719,10524,31452,1849465
2022-01-14,31385,51579,70044,31647,56240,142654,773199,74069,110902,40301,170448,106879,55072,100899,10572,31824,1857764
2022-01-15,31739,52716,70863,31776,56632,143612,776663,74274,111080,40417,170813,107397,55222,101054,10635,32156,1867101
2022-01-16,32251,53576,71759,31916,57004,144586,780211,74505,111294,40552,171183,107892,55368,101270,10682,32507,1876610
2022-01-17,32675,54544,72625,32085,57326,145399,783678,74692,111495,40676,171569,108249,55479,101455,10753,32784,1885540
2022-01-18,33065,55489,73333,32189,57662,146048,786393,74862,111619,40802,171868,108637,55602,101577,10802,33111,1893115
2022-01-19,33455,56461,74249,32351,58040,147016,790161,75081,111858,40960,172226,108971,55771,101734,10868,33387,1902657
2022-01-20,34134,57440,75392,32558,58517,148213,796193,75433,112220,41177,172775,109500,56032,102079,10953,33846,1916522
2022-01-21,34887,58837,76697,32912,59373,149907,803939,75855,112625,41405,173507,110224,56252,102404,11077,34242,1934204
2022-01-22,35309,59774,77486,33199,60111,151501,810445,76271,113101,41682,174296,110967,56563,102803,11225,34877,1949675
2022-01-23,35504,61045,78392,33497,60904,153269,816786,76727,113626,41885,175061,111769,56899,103250,11353,35364,1965393
2022-01-24,37097,62169,79735,34033,61735,155129,823844,77200,114121,42192,176056,112694,57200,103689,11463,35774,1984190
2022-01-25,38141,63308,81325,34387,62404,156793,830286,77785,114608,42526,176890,113568,57491,104134,11590,36043,2001346
2022-01-26,38477,64513,82387,34846,63236,158600,837738,78422,115599,43036,177966,114517,57866,104646,11786,36385,2020082
2022-01-27,39170,65481,84039,35352,64276,161143,848091,79455,116472,43875,179713,115833,58339,105508,12051,37018,2045874
2022-01-28,40375,66525,85891,35949,65398,163830,860713,80460,117628,44554,181702,117300,58930,106617,12285,37487,2075703
2022-01-29,40864,67566,87564,36572,67253,166975,874379,81636,118924,45219,183753,118821,59696,107939,12473,37904,2107612
2022-01-30,41719,68455,89083,37187,68797,169994,886543,82710,120089,46089,185818,120423,60415,109170,12759,38431,2137743
2022-01-31,42539,69214,90876,37710,69837,172647,898620,83728,121157,46525,187846,122036,61054,110322,12946,38865,2165984
2022-02-01,43247,69682,91901,38094,70902,174839,908699,84624,122394,47396,189791,123632,61737,111209,13143,39205,2190561
2022-02-02,43795,70148,93296,38645,72600,177454,921944,85941,124045,48284,192066,125173,62405,112404,13436,39567,2221276
2022-02-03,44740,70854,95072,39415,74169,181149,937169,87057,126206,48998,194995,126877,63369,114012,13761,40093,2258005
2022-02-04,45410,71384,96841,40348,76126,185572,952066,88605,128359,50173,198020,128775,64304,115907,14135,40621,2296712
2022-02-05,45897,71894,98235,41347,77847,189682,967004,90208,130505,50877,201507,131033,65223,118127,14535,41055,2335034
2022-02-06,46286,72280,99598,42269,79620,193459,981386,91583,132505,52083,204535,133223,66256,120258,14960,41475,2371833
2022-02-07,47093,72591,100768,42948,81107,197223,994679,92954,134441,53530,207240,135220,67029,121793,15262,41737,2405672
2022-02-08,47469,72797,101480,43665,82150,199631,1004012,94156,136133,54970,210086,137200,67621,122902,15562,41954,2431845
2022-02-09,47907,73131,102454,44714,83658,202570,1016559,95667,138678,56239,213374,139504,69344,124122,15936,42197,2466098
2022-02-10,48404,73505,103600,45464,84991,206621,1030465,97264,141020,57218,216861,142327,71048,126362,16332,42642,2504168
2022-02-11,48867,73848,104734,46206,86629,211124,1046427,99167,143770,58658,220299,145086,72253,129007,16753,42947,2545819
2022-02-12,49232,74124,105623,47119,88216,214916,1058594,101007,146435,60198,224090,147899,73493,131652,17054,43238,2582934
2022-02-13,49566,74351,106418,48099,89688,218679,1072064,102816,149442,61989,227689,150580,74684,134434,17418,43466,2621427
2022-02-14,49811,74532,107120,48598,91021,222096,1082604,104410,151790,63522,231047,152736,75468,136599,17627,43688,2652713
2022-02-15,49988,74683,107512,49016,92113,224296,1090663,105821,153730,64518,234574,154619,76250,138249,17816,43800,2677692
2022-02-16,50243,74866,108033,49539,93215,227353,1100785,107909,156314,65695,238654,156938,77241,140795,18196,44034,2709854
2022-02-17,50539,75086,108890,50408,94490,231124,1112591,109809,159757,66929,243178,159944,78579,143358,18535,44291,2747552
2022-02-18,50795,75315,109536,51066,95797,234341,1123571,111754,163066,68316,247924,162676,80118,145708,18849,44582,2783458
2022-02-19,51024,75503,110138,51945,97245,237967,1134389,113462,166335,69467,253002,165263,81459,147992,19158,44853,2819246
2022-02-20,51237,75648,110660,52596,98589,241065,1143245,114982,169826,70547,257309,167854,82792,150403,19462,45123,2851382
2022-02-21,51368,75761,111062,53164,99554,243473,1150668,115964,172840,71474,260884,169860,83597,151866,19617,45259,2876455
2022-02-22,51487,75896,111365,53489,100394,244905,1156822,116909,174450,72468,263740,171319,84447,153081,19763,45352,2895931
2022-02-23,51649,76050,111764,54050,101301,247333,1163522,118086,176531,73586,267589,173396,85447,155226,20016,45541,2921131
2022-02-24,51894,76209,112361,54771,102424,250171,1171720,119630,179703,75779,272246,175809,86899,158197,20258,45780,2953895
2022-02-25,52023,76336,112843,55255,103528,252861,1180571,121117,183412,77484,276800,177989,88110,161018,20504,45978,2985873
2022-02-26,52168,76491,113239,55912,104590,255248,1188101,122495,187118,78785,281131,180270,89288,163842,20743,46165,3015630
2022-02-27,52331,76578,113593,56387,105559,257511,1195250,123782,189813,79856,285236,182146,90328,165697,20918,46372,3041400
2022-02-28,52437,76676,113896,56822,106389,259187,1201171,124643,191642,80849,287963,183570,91099,167106,21046,46480,3061019
2022-03-01,52540,76742,114129,57091,107019,260354,1205057,125466,193657,81535,290055,184767,91684,168467,21145,46540,3076291
2022-03-02,52646,76850,114386,57473,107704,262329,1211091,126524,196093,82476,293262,186159,92491,170408,21499,46676,3098110
2022-03-03,52789,77014,114834,58115,108599,264414,1218187,127669,198580,83592,296910,188007,93443,172034,21731,46841,3122802
2022-03-04,52914,77116,115188,58562,109613,266700,1225676,128941,201348,84531,300380,189666,94269,173571,21896,47020,3147434
2022-03-05,53010,77211,115530,59003,110397,268693,1231620,130028,203537,85421,303303,191266,95117,174965,22024,47167,3168335
2022-03-06,53090,77328,115799,59419,111244,270432,1237529,131074,205954,86377,306191,192554,95874,176072,22138,47330,3188448
2022-03-07,53158,77405,116038,59690,111846,271676,1241671,131837,207459,87195,308184,193659,96320,176750,22196,47435,3202562
