Region,Arica y Parinacota,Tarapacá,Antofagasta,Atacama,Coquimbo,Valparaíso,Metropolitana,O’Higgins,Maule,Ñuble,Biobío,Araucanía,Los Ríos,Los Lagos,Aysén,Magallanes
Codigo region,15,1,2,3,4,5,13,6,7,16,8,9,14,10,11,12
Poblacion,252110,382773,691854,314709,836096,1960170,8125072,991063,1131939,511551,1663696,1014343,405835,891440,107297,178362
2020-04-01,0,1,3,0,1,14,83,5,3,7,14,26,1,10,0,5
2020-04-02,0,1,4,0,1,17,90,5,3,8,18,29,2,12,0,10
2020-04-03,0,1,3,0,1,18,107,5,3,10,21,37,2,18,0,11
2020-04-04,0,1,3,0,2,22,129,5,3,11,24,44,2,22,0,12
2020-04-05,2,1,3,0,1,27,146,5,4,10,26,44,3,22,0,13
2020-04-06,4,2,3,0,1,22,161,6,5,11,27,46,4,23,0,12
2020-04-07,4,2,2,0,2,21,160,6,7,13,32,46,6,24,0,12
2020-04-08,5,2,2,1,1,20,174,6,8,13,31,54,6,25,0,14
2020-04-09,5,2,2,1,1,22,164,6,10,13,33,56,7,24,0,14
2020-04-10,5,3,3,1,2,21,181,7,11,13,32,57,7,25,0,15
2020-04-11,5,3,2,1,2,22,178,7,13,13,33,53,7,26,0,18
2020-04-12,5,2,3,1,1,18,185,7,15,12,31,56,7,26,0,18
2020-04-13,5,2,4,1,0,16,189,7,16,13,35,52,7,25,0,15
2020-04-14,5,1,4,1,1,16,190,5,15,12,35,46,7,26,0,15
2020-04-15,5,0,5,1,1,16,198,6,15,13,35,46,6,26,0,16
2020-04-16,6,0,5,1,0,18,196,4,13,12,30,47,7,27,0,18
2020-04-17,6,0,6,1,0,18,202,4,12,12,27,47,6,26,0,18
2020-04-18,5,0,5,1,0,19,181,4,12,13,25,46,6,26,0,17
2020-04-19,5,1,5,1,0,22,186,4,15,14,26,44,7,25,0,18
2020-04-20,5,1,5,1,0,22,194,4,9,15,26,45,5,24,0,21
2020-04-21,5,1,7,1,0,22,204,3,14,15,25,45,6,25,0,19
2020-04-22,4,2,10,1,0,24,213,4,10,15,25,43,7,23,0,18
2020-04-23,4,2,14,1,0,20,234,4,9,15,25,37,7,22,0,17
2020-04-24,7,2,16,1,0,17,242,4,9,13,22,38,7,21,0,16
2020-04-25,8,3,16,1,0,16,246,4,8,10,22,39,7,21,0,17
2020-04-26,9,2,15,1,0,14,248,4,10,10,23,38,7,17,0,17
2020-04-27,10,2,17,1,0,15,252,4,10,10,24,37,6,17,0,21
2020-04-28,10,2,19,1,0,15,258,5,8,9,21,35,5,18,0,22
2020-04-29,9,3,20,1,0,14,256,4,7,7,22,35,5,18,0,17
2020-04-30,8,2,21,1,0,18,257,5,6,7,22,30,5,19,0,18
2020-05-01,9,2,23,1,0,19,262,6,5,8,23,29,5,18,0,18
2020-05-02,7,2,22,1,0,18,269,5,5,8,21,28,4,17,0,18
2020-05-03,7,4,24,1,0,17,289,5,8,9,20,27,3,17,0,18
2020-05-04,7,4,25,1,0,18,303,5,8,9,18,26,3,18,0,19
2020-05-05,6,5,24,1,0,17,314,7,7,7,18,25,4,16,0,19
2020-05-06,7,5,28,1,0,16,340,5,4,7,15,24,4,11,0,19
2020-05-07,8,5,28,1,0,15,348,6,4,7,14,24,4,10,0,19
2020-05-08,7,4,29,1,0,18,366,6,4,7,16,21,4,10,0,15
2020-05-09,7,6,30,2,0,19,394,5,4,8,18,22,3,11,0,15
2020-05-10,7,6,31,2,0,18,415,5,4,8,19,23,2,10,0,15
2020-05-11,7,7,32,2,0,19,421,5,5,8,18,22,2,10,0,16
2020-05-12,7,9,32,2,0,21,450,6,6,7,17,20,1,10,0,16
2020-05-13,7,8,38,2,0,24,490,7,6,5,14,18,0,11,0,12
2020-05-14,7,9,39,2,0,25,509,8,6,5,11,17,0,13,0,12
2020-05-15,7,13,41,3,2,25,551,7,6,5,12,16,0,11,0,12
2020-05-16,8,13,45,3,1,26,581,10,8,5,14,16,0,10,0,11
2020-05-17,8,12,49,3,1,27,595,10,8,5,14,17,0,9,0,11
2020-05-18,8,16,47,3,1,32,620,9,8,5,17,18,0,11,0,12
2020-05-19,8,18,50,3,1,34,682,9,8,7,18,18,0,10,0,10
2020-05-20,7,18,50,3,0,38,705,14,8,7,19,18,0,8,0,9
2020-05-21,7,21,50,3,1,38,730,18,10,8,23,17,0,8,0,9
2020-05-22,8,18,44,3,3,37,771,22,16,9,21,18,0,9,0,7
2020-05-23,9,17,44,3,3,46,832,24,15,10,23,19,0,10,0,7
2020-05-24,8,17,46,3,4,50,851,26,18,9,22,19,0,10,0,7
2020-05-25,8,15,47,2,6,54,884,26,22,12,23,18,1,10,0,7
2020-05-26,8,16,49,2,6,66,927,28,25,12,26,19,1,10,0,7
2020-05-27,9,16,48,2,9,74,959,30,29,12,26,18,1,10,0,8
2020-05-28,9,23,48,2,9,73,977,33,33,12,29,17,2,14,0,8
2020-05-29,11,23,54,2,12,79,1014,33,36,12,31,20,2,14,0,7
2020-05-30,12,23,52,2,10,88,1022,39,39,10,32,19,2,14,0,7
2020-05-31,12,25,48,2,11,95,1033,40,38,10,30,19,2,14,0,4
2020-06-01,11,26,51,2,11,96,1088,40,39,11,33,18,2,14,0,4
2020-06-02,11,29,53,2,10,94,1090,36,39,12,37,17,1,15,0,5
2020-06-03,11,32,54,2,9,92,1112,31,43,13,39,17,1,14,0,5
2020-06-04,11,32,54,2,10,90,1128,31,48,12,43,17,1,12,0,5
2020-06-05,12,34,46,2,11,92,1147,35,41,13,47,20,2,13,0,6
2020-06-06,12,39,49,2,11,86,1144,35,42,13,50,18,2,17,0,4
2020-06-07,11,41,51,2,10,91,1174,36,42,13,47,16,2,17,1,4
2020-06-08,10,44,53,2,11,91,1182,36,49,16,46,16,2,18,1,4
2020-06-09,12,45,55,2,13,95,1172,34,44,16,46,16,2,20,1,4
2020-06-10,13,42,58,1,17,98,1179,37,44,13,45,16,2,20,1,4
2020-06-11,12,47,62,2,18,105,1185,36,44,12,52,17,2,20,1,3
2020-06-12,13,45,63,2,15,107,1207,38,52,11,55,13,2,20,1,3
2020-06-13,13,45,62,4,16,104,1207,38,50,10,66,15,2,20,1,3
2020-06-14,14,45,62,5,17,104,1257,38,50,11,68,17,2,21,1,3
2020-06-15,14,36,63,6,16,106,1270,42,48,10,72,17,2,18,1,2
2020-06-16,14,35,67,7,16,102,1271,42,52,10,66,18,2,20,1,4
2020-06-17,14,38,72,7,14,102,1329,42,54,14,63,18,2,20,1,4
2020-06-18,15,40,75,7,16,106,1372,43,55,14,61,15,2,19,1,4
2020-06-19,15,42,75,7,18,116,1411,52,56,15,63,15,1,19,1,5
2020-06-20,15,38,68,7,21,122,1437,57,59,14,66,15,1,26,1,4
2020-06-21,14,36,78,7,19,129,1459,59,61,18,68,15,6,23,1,3
2020-06-22,14,35,78,7,22,123,1469,59,66,20,66,16,6,29,1,3
2020-06-23,13,34,79,7,23,119,1467,58,67,17,68,18,6,30,1,2
2020-06-24,14,36,79,10,26,121,1482,68,70,15,64,19,10,30,0,2
2020-06-25,13,37,82,9,27,127,1495,87,59,13,68,18,9,30,1,3
2020-06-26,13,32,87,11,30,133,1479,89,64,18,69,18,8,31,1,3
2020-06-27,14,31,83,11,29,133,1498,91,56,17,72,17,8,26,1,3
2020-06-28,15,32,84,11,30,137,1533,94,55,13,69,17,8,27,1,3
2020-06-29,15,32,85,11,33,134,1496,93,58,14,65,17,8,25,1,3
2020-06-30,14,31,92,11,34,135,1499,95,58,15,71,17,7,23,1,3
2020-07-01,14,30,93,12,35,132,1474,97,52,15,70,16,7,24,1,3
2020-07-02,13,29,97,12,35,131,1493,105,51,15,71,15,7,20,1,4
2020-07-03,13,29,94,12,41,136,1498,96,58,15,70,15,6,19,1,4
2020-07-04,11,25,88,12,40,136,1480,98,61,11,69,16,6,19,1,4
2020-07-05,11,24,91,10,42,140,1485,101,59,11,66,14,6,15,1,2
2020-07-06,11,26,81,10,44,145,1474,100,59,12,66,14,9,15,1,2
2020-07-07,14,26,86,10,43,148,1453,101,62,11,65,13,11,14,1,2
2020-07-08,14,27,89,10,39,153,1449,98,59,10,67,10,9,16,1,2
2020-07-09,14,27,86,10,35,137,1424,96,57,10,67,10,8,16,1,1
2020-07-10,16,27,82,9,34,135,1422,95,51,10,70,10,9,17,1,2
2020-07-11,17,26,77,9,34,139,1424,95,55,10,73,9,7,21,1,2
2020-07-12,17,27,74,9,31,139,1429,89,56,11,74,9,6,21,1,2
2020-07-13,20,27,70,7,33,134,1378,88,54,10,74,6,6,21,1,2
2020-07-14,20,27,72,6,34,131,1376,84,46,11,71,7,6,21,1,2
2020-07-15,21,27,78,6,36,131,1336,82,48,8,68,7,6,20,1,3
2020-07-16,21,28,84,7,31,133,1274,80,51,8,67,8,5,19,1,4
2020-07-17,21,30,83,7,30,131,1260,72,49,9,69,7,4,19,1,4
2020-07-18,23,30,84,8,33,131,1240,73,51,9,75,8,4,19,1,3
2020-07-19,23,31,87,8,35,125,1223,71,50,10,70,6,3,18,1,3
2020-07-20,22,33,86,7,36,120,1210,75,51,11,72,7,2,19,1,1
2020-07-21,23,32,82,8,34,120,1185,75,54,12,72,9,2,19,1,0
2020-07-22,23,32,80,7,38,117,1159,63,53,11,73,9,2,20,1,0
2020-07-23,24,29,80,6,34,122,1134,66,52,11,75,11,2,21,1,2
2020-07-24,23,29,84,6,36,115,1109,64,50,8,74,13,2,20,1,2
2020-07-25,21,26,88,5,35,115,1096,60,47,9,74,12,2,19,1,2
2020-07-26,18,26,82,7,34,119,1069,64,52,12,73,11,2,20,1,2
2020-07-27,23,26,81,7,34,115,1040,66,52,8,69,11,1,19,1,2
2020-07-28,23,26,80,7,34,112,1026,59,49,9,70,10,1,20,1,2
2020-07-29,24,28,72,7,38,110,1001,56,44,8,63,10,1,20,1,2
2020-07-30,26,29,82,6,38,110,979,48,38,7,64,10,1,21,1,3
2020-07-31,25,26,81,8,40,112,953,50,36,8,68,11,2,21,1,3
2020-08-01,25,26,81,8,40,112,953,50,36,8,68,11,2,21,1,3
2020-08-02,26,25,79,8,45,110,950,51,34,8,66,10,2,19,1,3
2020-08-03,25,24,78,9,39,106,945,51,32,8,67,11,3,17,1,3
2020-08-04,25,23,79,8,38,103,939,53,30,7,66,11,3,16,1,3
2020-08-05,26,22,77,7,38,102,937,48,32,8,71,8,3,16,1,4
2020-08-06,23,16,76,6,40,102,899,42,32,10,77,9,3,17,1,5
2020-08-07,25,20,75,6,45,103,876,44,29,9,80,9,3,17,1,6
2020-08-08,25,22,71,6,42,96,842,45,30,9,80,9,3,18,1,6
2020-08-09,26,23,69,6,40,95,821,45,30,9,78,8,2,17,1,6
2020-08-10,28,24,70,8,40,98,826,46,26,8,73,7,2,18,1,5
2020-08-11,26,26,70,8,42,95,811,47,27,10,72,7,2,18,1,6
2020-08-12,26,27,73,8,40,93,801,42,31,9,74,6,2,18,1,4
2020-08-13,27,25,68,10,44,91,802,49,33,10,70,6,2,17,1,4
2020-08-14,28,23,67,10,44,95,792,47,30,13,72,6,2,18,1,4
2020-08-15,29,23,72,11,46,94,741,46,28,13,71,6,2,18,1,6
2020-08-16,28,24,70,11,43,96,723,48,25,13,78,7,2,16,1,5
2020-08-17,25,24,73,12,43,96,708,48,24,16,76,7,2,18,1,4
2020-08-18,24,24,77,9,40,97,693,47,25,15,76,7,2,18,1,2
2020-08-19,24,23,74,9,42,94,669,39,24,15,76,8,2,18,1,2
2020-08-20,21,23,67,8,39,97,649,36,23,15,70,7,2,17,1,2
2020-08-21,20,23,70,7,42,97,631,42,21,13,79,7,2,15,1,2
2020-08-22,20,23,71,8,36,94,610,42,26,14,83,8,2,16,0,5
2020-08-23,18,21,68,8,39,95,582,45,27,14,80,8,2,15,0,5
2020-08-24,18,19,70,7,38,93,572,46,27,12,81,7,2,16,0,6
2020-08-25,19,20,70,6,38,94,561,46,30,11,83,6,2,17,1,7
2020-08-26,19,18,69,6,39,93,563,43,28,12,82,6,1,16,1,8
2020-08-27,20,18,65,7,39,92,569,45,27,12,82,6,1,16,1,12
2020-08-28,18,18,63,8,41,93,539,47,34,13,85,6,0,17,1,12
2020-08-29,16,17,59,8,39,95,519,43,33,10,83,6,0,17,1,13
2020-08-30,14,19,59,7,38,94,518,42,32,10,88,6,1,19,1,12
2020-08-31,14,17,58,7,38,93,521,47,34,12,88,7,1,18,1,13
2020-09-01,16,17,57,7,43,92,508,49,34,13,85,7,1,18,1,14
2020-09-02,14,17,53,8,45,89,494,46,35,12,88,7,1,19,1,18
2020-09-03,12,17,54,6,44,94,488,46,32,12,90,8,1,19,1,16
2020-09-04,13,16,52,6,44,88,486,45,34,14,90,8,1,20,1,14
2020-09-05,13,16,52,5,47,88,466,48,34,12,85,9,1,17,1,14
2020-09-06,13,17,53,5,44,88,462,47,38,14,85,10,1,17,1,14
2020-09-07,14,17,53,5,48,98,471,47,35,13,83,12,1,16,1,16
2020-09-08,12,17,52,5,49,96,468,48,36,11,88,10,1,19,1,17
2020-09-09,11,17,49,5,49,93,476,48,38,13,91,11,3,19,1,18
2020-09-10,11,15,49,5,46,96,478,42,44,11,100,12,3,20,1,18
2020-09-11,11,15,47,6,44,99,437,48,45,12,96,13,3,22,1,19
2020-09-12,11,15,46,7,44,100,431,48,46,13,95,13,4,20,1,14
2020-09-13,11,15,43,7,43,100,423,52,47,15,96,13,3,20,2,16
2020-09-14,11,15,44,7,40,98,427,53,46,16,92,11,4,23,2,17
2020-09-15,12,15,45,7,42,98,419,53,40,19,97,11,5,25,2,15
2020-09-16,13,14,43,8,42,95,425,54,41,17,89,11,6,27,1,12
2020-09-17,13,13,41,7,39,94,431,55,39,15,89,11,6,29,1,12
2020-09-18,13,11,37,8,39,94,434,54,39,15,96,12,6,32,1,11
2020-09-19,14,11,36,7,41,95,425,55,36,17,99,11,2,34,1,10
2020-09-20,13,11,40,5,37,97,421,56,36,17,105,12,2,35,2,12
2020-09-21,16,11,42,6,35,93,430,58,40,18,102,13,2,35,2,12
2020-09-22,16,11,44,6,33,94,428,59,42,17,104,13,2,34,2,13
2020-09-23,15,11,42,6,32,94,423,51,44,19,106,13,1,34,1,15
2020-09-24,18,12,42,9,33,97,411,54,38,16,104,11,1,31,2,11
2020-09-25,19,12,39,7,35,96,412,50,45,18,99,11,1,32,2,13
2020-09-26,19,9,39,7,35,94,421,49,50,19,95,11,1,28,2,16
2020-09-27,20,7,40,6,35,96,418,49,47,18,96,13,1,26,2,14
2020-09-28,18,7,36,8,35,95,420,50,47,18,93,12,1,26,2,16
2020-09-29,18,7,37,7,35,97,403,50,44,15,95,12,1,28,2,14
2020-09-30,18,7,37,5,36,94,398,44,43,14,93,11,1,28,2,18
2020-10-01,18,6,38,5,36,86,402,46,44,16,90,11,2,27,2,20
2020-10-02,18,8,37,6,38,87,410,48,43,15,89,16,4,27,2,20
2020-10-03,17,8,36,5,34,81,397,48,46,14,97,15,3,25,2,21
2020-10-04,18,8,38,6,34,80,399,46,43,14,97,17,6,27,2,21
2020-10-05,17,9,40,7,32,84,400,46,37,15,91,20,6,27,2,20
2020-10-06,17,9,39,7,33,77,399,47,37,14,93,22,6,25,2,20
2020-10-07,14,9,40,7,33,76,377,46,38,15,92,20,6,24,2,19
2020-10-08,15,9,38,7,35,79,371,38,38,14,88,24,7,28,3,18
2020-10-09,17,9,36,7,34,78,370,50,36,14,87,26,8,28,3,18
2020-10-10,17,9,34,7,32,79,365,52,43,14,82,26,8,26,3,20
2020-10-11,18,9,34,7,30,82,353,49,36,14,77,26,8,27,3,18
2020-10-12,19,9,32,7,28,79,363,49,33,14,78,25,7,21,5,16
2020-10-13,17,9,31,7,28,78,361,49,33,14,76,24,7,24,5,15
2020-10-14,18,9,31,9,30,77,363,49,31,13,79,23,6,24,6,17
2020-10-15,17,9,30,9,28,76,358,47,31,13,86,27,6,25,6,18
2020-10-16,15,9,30,7,25,79,359,52,33,16,87,25,6,27,6,18
2020-10-17,15,9,29,6,26,74,360,51,33,16,85,27,7,29,6,18
2020-10-18,15,9,29,5,26,72,358,49,30,16,80,27,9,27,6,18
2020-10-19,15,9,27,6,25,73,350,50,29,16,83,27,9,27,4,19
2020-10-20,15,9,27,6,25,72,351,50,28,16,84,28,10,27,4,18
2020-10-21,15,9,27,5,20,71,358,48,27,15,83,28,9,31,4,17
2020-10-22,15,9,27,4,18,66,367,48,24,15,78,36,9,29,3,11
2020-10-23,15,9,24,5,19,62,366,49,25,14,78,37,9,31,3,13
2020-10-24,14,9,24,6,16,64,352,45,25,14,76,34,8,27,3,12
2020-10-25,14,10,30,6,14,64,343,43,26,14,74,35,6,28,3,13
2020-10-26,16,10,30,10,15,65,349,42,25,15,71,32,8,26,2,14
2020-10-27,16,10,29,9,15,65,356,43,24,14,70,38,8,27,2,14
2020-10-28,16,10,29,9,15,64,357,44,24,14,75,39,8,27,2,12
2020-10-29,14,9,27,8,13,62,360,44,26,12,82,41,7,30,2,11
2020-10-30,13,9,24,7,12,61,367,49,28,12,85,45,7,30,3,12
2020-10-31,13,9,23,7,12,63,362,47,28,12,85,42,6,30,5,12
2020-11-01,14,8,22,7,11,61,355,48,26,13,81,41,6,32,5,13
2020-11-02,14,8,21,6,12,61,341,45,23,13,80,42,7,32,5,13
2020-11-03,14,8,21,6,12,62,341,44,25,13,80,43,8,31,6,13
2020-11-04,14,8,21,5,12,62,346,43,25,9,82,45,8,31,6,16
2020-11-05,12,8,21,4,9,63,340,42,23,11,81,50,8,33,5,15
2020-11-06,11,8,20,4,6,65,354,41,21,11,79,53,8,33,5,14
2020-11-07,12,12,21,5,5,66,348,41,19,11,84,53,7,31,5,14
2020-11-08,12,12,21,5,4,68,346,43,18,11,85,52,7,32,3,16
2020-11-09,11,12,21,4,4,68,336,43,19,12,90,49,6,34,3,17
2020-11-10,11,12,21,4,3,68,327,43,18,10,90,48,6,35,3,21
2020-11-11,11,12,21,4,3,67,329,42,19,12,100,43,6,33,3,16
2020-11-12,13,12,21,3,9,68,331,42,19,12,96,43,5,32,3,17
2020-11-13,16,12,21,3,7,63,328,42,19,13,97,48,6,34,3,21
2020-11-14,16,12,20,3,7,60,325,41,17,18,98,50,9,35,3,17
2020-11-15,14,11,20,3,6,56,325,44,16,19,98,46,9,33,4,17
2020-11-16,14,11,20,5,6,58,326,40,17,19,95,49,8,35,4,17
2020-11-17,14,11,18,4,5,58,329,40,21,19,98,50,9,36,4,14
2020-11-18,14,11,17,4,5,61,335,39,21,20,96,45,9,33,4,12
2020-11-19,14,10,17,4,4,60,324,40,18,21,97,48,10,34,4,10
2020-11-20,14,10,17,4,4,61,326,37,19,20,99,47,11,36,3,9
2020-11-21,14,10,17,2,4,63,316,38,19,19,102,44,12,38,3,11
2020-11-22,12,10,16,2,8,62,312,36,17,17,98,46,11,38,2,11
2020-11-23,11,10,16,1,8,62,312,37,18,18,101,47,11,39,2,11
2020-11-24,11,10,14,1,8,59,308,36,19,20,96,47,13,39,2,12
2020-11-25,11,10,16,2,9,58,313,36,19,19,96,48,12,38,2,11
2020-11-26,11,10,14,2,11,61,309,32,19,20,94,49,12,37,2,11
2020-11-27,10,10,12,3,10,59,312,32,21,19,98,51,11,33,2,10
2020-11-28,10,10,15,3,10,62,317,32,18,22,97,50,8,35,2,12
2020-11-29,9,10,15,3,10,52,320,33,19,18,97,51,8,36,2,10
2020-11-30,9,10,16,3,10,54,321,31,16,20,97,49,9,32,3,10
2020-12-01,9,10,16,3,10,57,322,31,16,23,90,49,10,34,3,12
2020-12-02,9,10,17,2,10,57,321,30,18,27,95,41,11,33,3,10
2020-12-03,10,10,17,1,11,56,318,28,17,27,91,44,14,31,1,11
2020-12-04,9,10,17,1,12,60,312,28,18,27,91,40,12,32,1,13
2020-12-05,9,10,16,1,13,61,293,25,18,28,92,41,12,31,1,13
2020-12-06,9,10,16,1,12,60,281,25,19,29,97,45,11,30,1,12
2020-12-07,9,10,15,1,11,61,278,26,19,31,96,46,12,29,1,12
2020-12-08,9,10,16,1,10,59,278,26,20,31,93,47,14,31,1,9
2020-12-09,9,10,17,1,12,59,276,25,23,34,98,47,15,31,1,9
2020-12-10,9,10,17,1,14,61,279,24,24,31,99,45,16,28,1,12
2020-12-11,9,10,15,1,14,61,276,24,24,29,100,44,15,29,1,11
2020-12-12,10,10,15,0,14,53,276,25,26,22,105,41,14,29,0,11
2020-12-13,8,10,16,0,13,52,272,20,24,21,108,37,14,33,0,9
2020-12-14,8,10,16,0,12,51,268,20,25,20,103,38,14,31,0,12
2020-12-15,8,10,17,0,12,49,267,20,28,15,110,40,13,32,0,9
2020-12-16,9,10,20,0,12,50,270,21,31,17,102,42,13,31,0,10
2020-12-17,8,10,23,0,11,50,266,23,32,13,98,40,13,29,0,11
2020-12-18,8,10,26,0,12,52,292,24,36,15,102,38,13,29,0,11
2020-12-19,8,10,27,0,10,50,295,25,39,16,104,35,10,30,0,13
2020-12-20,8,10,26,0,10,46,294,22,39,17,106,36,8,29,0,12
2020-12-21,9,10,27,0,14,46,301,21,39,18,103,36,9,30,0,10
2020-12-22,10,10,26,0,12,45,303,21,38,17,108,38,12,34,0,9
2020-12-23,10,10,24,0,13,45,304,21,37,19,114,38,15,33,0,11
2020-12-24,10,10,26,0,12,48,305,19,38,19,116,38,14,33,0,11
2020-12-25,9,7,27,0,10,53,296,19,35,17,116,36,12,32,0,9
2020-12-26,9,7,26,0,10,56,299,18,39,20,115,42,14,34,0,11
2020-12-27,9,7,24,0,11,57,306,19,41,20,116,46,15,34,0,11
2020-12-28,9,7,29,0,12,58,312,19,42,23,117,48,12,35,0,11
2020-12-29,9,7,30,0,15,59,307,19,43,22,125,46,13,38,0,12
2020-12-30,8,7,30,1,14,58,315,18,44,22,129,45,12,38,0,11
2020-12-31,8,8,34,1,14,68,315,21,44,20,121,45,17,38,0,12
2021-01-01,8,8,36,1,14,73,323,23,43,23,125,43,19,43,0,12
2021-01-02,7,8,38,0,10,72,334,23,47,20,129,37,17,39,1,9
2021-01-03,6,8,41,0,9,72,336,22,43,18,127,35,17,35,1,11
2021-01-04,5,8,45,0,10,72,332,22,47,21,123,39,16,35,1,11
2021-01-05,5,8,44,0,10,73,334,25,53,21,121,43,13,40,1,10
2021-01-06,5,5,44,2,11,71,341,26,57,23,129,40,12,42,2,10
2021-01-07,6,19,42,2,14,52,360,31,62,25,137,39,12,47,3,11
2021-01-08,7,23,44,2,15,60,362,31,54,27,133,41,12,49,3,10
2021-01-09,7,24,47,2,17,68,369,32,62,29,139,37,13,51,5,9
2021-01-10,12,24,47,2,17,77,379,32,60,28,146,39,13,53,5,12
2021-01-11,12,23,44,2,16,73,377,33,60,24,144,44,13,55,5,14
2021-01-12,12,26,52,2,17,74,377,32,59,24,143,46,11,58,5,13
2021-01-13,12,30,53,2,19,77,386,36,61,25,148,49,10,52,5,16
2021-01-14,10,31,53,3,22,76,389,41,64,26,149,52,13,50,5,16
2021-01-15,10,35,56,3,23,70,400,44,68,25,151,54,14,53,4,15
2021-01-16,10,39,56,3,25,71,410,49,66,25,154,53,13,57,3,10
2021-01-17,12,38,52,4,25,68,417,52,69,27,151,53,16,52,3,10
2021-01-18,16,36,61,5,20,69,423,52,69,26,160,52,16,51,3,14
2021-01-19,16,36,60,6,22,67,427,52,72,27,165,48,16,52,4,11
2021-01-20,16,37,62,7,24,76,460,47,73,33,168,50,19,62,4,12
2021-01-21,18,42,66,6,25,85,476,51,71,33,172,49,16,67,4,12
2021-01-22,18,39,73,6,24,91,484,56,70,34,168,51,16,74,4,13
2021-01-23,19,44,78,6,25,95,493,57,75,34,171,56,18,76,5,14
2021-01-24,19,44,76,6,25,98,486,53,81,36,174,61,16,69,5,14
2021-01-25,18,43,80,6,25,97,493,55,77,37,173,65,16,69,6,12
2021-01-26,16,50,78,7,26,97,502,58,82,36,170,60,17,70,7,11
2021-01-27,17,53,76,6,29,102,535,60,73,37,175,57,16,75,7,10
2021-01-28,17,49,78,8,30,104,544,64,71,36,181,54,15,69,6,13
2021-01-29,17,51,84,8,36,104,573,69,72,35,178,59,15,75,6,12
2021-01-30,18,52,79,7,43,106,577,71,69,36,178,58,15,85,5,11
2021-01-31,15,54,80,7,41,109,590,70,78,38,187,62,16,89,6,11
2021-02-01,15,55,81,7,38,110,595,70,78,37,180,62,15,94,6,13
2021-02-02,14,53,80,9,39,112,598,72,78,39,181,61,15,90,5,12
2021-02-03,17,53,79,10,47,115,604,76,88,41,179,55,15,90,5,10
2021-02-04,18,49,73,13,47,113,631,76,86,41,174,60,19,92,5,13
2021-02-05,19,48,72,12,44,104,632,78,80,43,169,60,19,89,5,13
2021-02-06,19,49,71,9,48,112,648,77,81,40,167,58,16,90,6,12
2021-02-07,18,51,74,12,48,113,644,75,79,42,169,59,18,90,6,11
2021-02-08,15,49,71,10,46,120,650,75,83,43,169,58,15,84,6,12
2021-02-09,16,51,78,10,49,119,653,75,82,43,169,59,18,83,7,13
2021-02-10,15,46,79,10,49,113,672,64,79,44,163,61,20,87,5,14
2021-02-11,16,48,82,12,53,113,684,64,74,38,160,64,18,94,5,13
2021-02-12,16,46,81,12,55,113,694,62,76,35,163,67,16,89,5,14
2021-02-13,16,39,82,12,52,114,693,62,68,34,162,69,17,92,4,14
2021-02-14,17,42,74,12,57,123,704,62,74,36,160,65,15,91,6,14
2021-02-15,17,43,77,12,56,119,718,62,74,37,155,64,19,87,6,12
2021-02-16,19,44,72,13,55,120,729,63,76,37,156,62,17,92,6,12
2021-02-17,16,45,69,10,56,125,737,63,74,35,156,66,19,91,5,12
2021-02-18,17,46,67,10,57,127,723,63,70,36,156,67,20,93,5,12
2021-02-19,16,39,68,9,59,124,720,62,72,34,156,69,17,97,5,9
2021-02-20,19,43,75,9,56,129,728,60,73,35,160,71,17,86,5,8
2021-02-21,18,42,77,8,59,131,734,61,70,38,154,65,16,84,5,12
2021-02-22,20,42,70,9,57,130,739,64,72,40,155,64,18,86,6,12
2021-02-23,19,44,70,11,54,128,781,63,71,41,165,66,19,89,6,13
2021-02-24,19,49,75,12,58,128,770,63,66,40,159,66,17,88,5,14
2021-02-25,20,49,74,10,61,133,772,58,71,41,159,69,15,87,4,12
2021-02-26,18,47,75,8,65,135,791,61,74,39,163,70,17,80,3,12
2021-02-27,19,46,76,9,62,139,786,70,74,41,168,69,15,72,2,11
2021-02-28,19,48,79,8,57,134,794,71,78,38,162,69,14,72,2,9
2021-03-01,18,46,81,10,59,135,796,73,79,38,169,72,15,72,2,10
2021-03-02,19,43,79,8,59,136,804,74,78,38,172,73,17,72,2,9
2021-03-03,17,43,80,8,58,133,822,76,87,39,177,68,17,74,2,10
2021-03-04,17,42,96,9,59,133,826,81,87,39,164,66,17,73,2,10
2021-03-05,20,45,98,9,66,142,841,80,86,35,163,68,17,73,2,10
2021-03-06,19,46,97,7,70,134,844,84,85,38,166,66,16,70,2,10
2021-03-07,18,46,88,10,74,137,862,80,84,37,169,75,14,69,2,12
2021-03-08,18,49,85,9,79,137,883,83,86,39,173,77,15,72,3,13
2021-03-09,18,46,84,10,82,139,901,86,85,37,175,73,16,72,3,12
2021-03-10,18,50,84,8,86,144,931,93,81,37,177,69,18,70,3,12
2021-03-11,16,46,88,10,85,143,954,93,86,35,180,73,20,66,3,12
2021-03-12,17,45,87,9,88,146,964,94,80,36,182,72,22,66,5,13
2021-03-13,17,44,91,7,89,146,992,100,83,36,186,72,20,62,4,11
2021-03-14,17,48,89,10,93,155,1010,99,86,35,195,73,23,67,3,12
2021-03-15,17,47,87,10,100,157,1029,99,87,37,201,79,22,67,3,11
2021-03-16,19,51,89,9,102,151,1059,101,83,35,206,82,24,72,4,12
2021-03-17,16,49,95,10,105,158,1078,101,87,38,209,81,23,67,4,12
2021-03-18,17,50,97,9,114,159,1100,98,84,38,209,79,24,61,3,10
2021-03-19,20,50,96,8,105,165,1126,97,88,38,215,84,23,64,4,10
2021-03-20,20,51,95,9,108,176,1146,97,88,38,212,82,26,65,4,10
2021-03-21,19,54,94,9,108,173,1158,100,84,39,213,80,24,62,4,8
2021-03-22,20,51,95,9,110,173,1181,101,88,37,215,82,31,65,4,7
2021-03-23,21,55,100,13,112,177,1203,106,92,41,210,79,28,64,2,8
2021-03-24,19,57,97,14,110,183,1220,107,96,39,216,78,30,69,3,10
2021-03-25,21,57,94,16,109,186,1289,107,100,37,211,78,27,70,4,10
2021-03-26,21,58,89,17,110,187,1330,113,103,38,214,80,26,65,4,11
2021-03-27,20,57,94,19,108,186,1352,119,105,40,219,81,27,71,5,11
2021-03-28,22,58,87,21,111,194,1369,122,103,40,222,80,29,66,5,10
2021-03-29,20,57,91,22,105,206,1413,123,107,42,219,77,25,68,5,10
2021-03-30,23,59,97,21,108,205,1445,124,111,43,218,78,30,72,4,11
2021-03-31,22,59,101,20,106,205,1477,126,110,44,218,77,29,73,6,10
2021-04-01,21,61,101,19,97,210,1496,129,113,46,225,86,31,77,6,11
2021-04-02,21,61,100,19,99,218,1555,134,114,45,228,87,29,79,5,10
2021-04-03,20,60,99,20,101,215,1588,141,117,51,235,89,30,82,6,13
2021-04-04,21,62,93,18,101,220,1611,135,121,51,236,88,29,79,6,13
2021-04-05,19,60,93,18,102,216,1623,132,120,53,233,85,27,80,6,16
2021-04-06,19,61,99,17,104,219,1659,132,121,51,238,94,30,79,6,17
2021-04-07,23,59,101,19,106,225,1727,138,118,50,238,92,31,80,4,18
2021-04-08,25,57,100,20,103,222,1731,138,120,53,240,104,29,78,5,19
2021-04-09,25,57,95,22,102,241,1750,145,120,49,233,104,29,83,4,16
2021-04-10,24,56,103,26,102,241,1792,145,126,53,237,106,28,80,3,17
2021-04-11,24,55,109,26,105,238,1801,150,127,53,236,102,32,78,4,15
2021-04-12,24,55,109,25,106,246,1826,155,129,54,239,103,32,79,4,17
2021-04-13,24,58,108,27,109,245,1822,158,133,51,239,110,30,78,4,17
2021-04-14,27,60,109,27,108,250,1878,150,136,51,237,110,32,77,4,15
2021-04-15,28,60,108,26,107,246,1879,145,132,51,238,109,30,79,5,14
2021-04-16,28,60,105,26,102,250,1899,146,137,54,234,109,29,78,4,16
2021-04-17,30,61,104,27,104,252,1909,152,144,52,232,105,31,83,5,17
2021-04-18,30,58,108,29,105,257,1937,152,145,51,228,107,31,86,6,14
2021-04-19,28,58,107,30,105,257,1952,150,145,48,237,107,31,88,7,14
2021-04-20,30,50,106,31,100,262,1958,156,143,48,238,107,30,90,7,16
2021-04-21,28,56,103,30,103,260,1984,157,144,44,235,111,30,92,7,17
2021-04-22,29,56,105,28,100,273,1939,156,146,49,233,116,29,92,6,18
2021-04-23,30,59,99,28,99,271,1969,157,144,49,232,113,28,88,6,19
2021-04-24,32,58,97,31,100,266,1963,153,137,51,229,114,30,86,7,20
2021-04-25,31,58,92,31,100,274,1937,156,137,49,226,117,29,86,8,22
2021-04-26,33,56,94,30,102,278,1942,160,134,54,224,110,29,88,8,21
2021-04-27,32,58,95,25,106,272,1987,156,136,52,226,113,29,87,8,24
2021-04-28,31,55,103,25,100,273,1964,157,138,51,221,112,26,88,7,25
2021-04-29,29,55,113,26,104,273,1976,157,139,50,213,112,30,86,6,27
2021-04-30,31,54,103,27,101,272,1947,155,137,51,203,116,28,87,7,26
2021-05-01,32,56,102,25,102,274,1918,159,140,52,212,114,31,85,7,27
2021-05-02,32,54,104,24,103,266,1930,151,135,49,209,115,29,85,6,26
2021-05-03,31,54,103,22,102,265,1912,151,136,51,214,115,31,84,6,26
2021-05-04,31,55,105,24,103,266,1913,149,135,53,218,106,27,83,7,28
2021-05-05,28,56,101,22,95,263,1898,149,135,52,210,106,23,84,7,31
2021-05-06,30,57,93,20,97,256,1851,140,137,52,205,107,23,83,7,30
2021-05-07,30,54,93,20,96,250,1850,136,137,52,204,110,25,82,6,31
2021-05-08,29,54,90,20,97,249,1842,135,134,51,197,106,24,77,5,28
2021-05-09,31,54,89,18,100,244,1840,136,137,49,200,110,25,82,5,27
2021-05-10,33,51,88,19,98,248,1835,131,137,46,199,115,23,82,5,27
2021-05-11,30,53,92,19,95,245,1834,122,134,45,195,109,22,77,5,25
2021-05-12,29,50,90,23,89,234,1805,123,124,42,194,110,22,70,5,26
2021-05-13,28,47,86,20,91,232,1759,127,121,44,190,103,24,69,5,30
2021-05-14,28,51,84,22,92,220,1769,120,121,44,190,108,22,70,6,29
2021-05-15,26,49,88,20,92,218,1768,116,113,45,181,108,22,70,6,31
2021-05-16,24,48,88,23,91,225,1765,117,110,47,186,103,20,71,5,31
2021-05-17,27,48,90,23,93,225,1772,118,106,48,185,104,20,74,5,31
2021-05-18,27,52,92,22,94,222,1787,115,107,47,185,99,22,74,5,29
2021-05-19,29,49,93,24,97,226,1783,114,100,50,178,97,22,73,6,31
2021-05-20,29,48,94,24,94,216,1768,115,99,46,176,94,18,74,9,31
2021-05-21,29,48,90,25,95,224,1796,125,101,49,174,93,18,82,9,33
2021-05-22,30,49,92,25,94,219,1772,122,103,50,178,97,22,83,10,28
2021-05-23,29,51,91,24,94,214,1788,121,107,50,175,96,23,80,10,27
2021-05-24,29,54,92,23,92,211,1832,128,109,51,178,99,25,79,10,25
2021-05-25,31,52,93,23,92,211,1805,128,109,53,184,100,24,82,9,30
2021-05-26,30,51,91,23,89,223,1792,135,106,54,182,101,24,82,10,30
2021-05-27,31,48,88,23,89,217,1787,142,104,53,181,104,25,86,10,26
2021-05-28,31,51,91,24,88,207,1835,142,105,51,190,103,26,89,10,24
2021-05-29,30,51,93,23,93,216,1840,141,106,45,195,102,28,92,10,27
2021-05-30,29,51,91,24,89,213,1878,148,110,47,185,106,30,91,10,25
2021-05-31,28,54,87,24,87,213,1881,154,110,50,189,108,29,91,10,27
2021-06-01,25,55,90,23,95,217,1908,155,111,52,196,105,30,92,10,29
2021-06-02,25,55,88,22,96,214,1886,151,110,54,194,105,31,98,13,28
2021-06-03,26,52,92,22,98,217,1930,151,109,53,192,107,27,102,12,29
2021-06-04,26,55,86,20,100,216,1936,149,108,48,193,107,30,103,10,29
2021-06-05,25,54,87,20,101,212,1934,153,109,46,194,108,29,103,11,27
2021-06-06,24,54,85,19,104,212,1957,153,110,46,189,117,31,102,11,28
2021-06-07,24,56,84,20,103,211,1966,151,111,47,194,109,31,102,10,28
2021-06-08,22,54,84,20,104,213,1971,156,110,45,198,109,33,107,11,28
2021-06-09,22,54,84,21,105,225,1979,156,106,47,194,109,32,106,10,29
2021-06-10,23,50,91,20,108,233,1959,150,109,47,196,108,30,103,11,28
2021-06-11,23,52,88,20,106,230,2015,153,103,45,196,108,29,102,13,29
2021-06-12,23,53,87,20,105,229,1989,151,108,46,200,102,29,105,11,29
2021-06-13,23,54,88,20,105,234,1975,151,113,45,202,107,27,106,12,30
2021-06-14,26,55,94,20,101,231,1970,151,113,47,202,107,26,104,13,30
2021-06-15,25,53,90,24,104,223,1974,151,108,46,200,103,29,103,13,29
2021-06-16,27,55,90,26,103,222,1992,157,111,47,196,106,27,101,13,28
2021-06-17,26,54,88,25,103,222,1985,165,111,49,198,107,26,103,11,29
2021-06-18,26,54,89,25,104,226,1975,159,113,46,196,107,26,103,10,27
2021-06-19,26,53,91,26,105,223,1971,160,113,45,193,105,24,100,13,27
2021-06-20,26,52,89,28,101,216,1948,160,109,46,186,106,26,99,12,26
2021-06-21,28,58,96,27,102,216,1942,162,109,44,186,105,24,101,12,24
2021-06-22,27,53,96,28,101,210,1950,161,116,43,183,105,24,100,12,23
2021-06-23,28,53,96,28,103,217,1953,158,109,46,179,100,25,98,12,24
2021-06-24,27,53,93,27,102,212,1907,154,108,46,178,95,26,93,10,24
2021-06-25,27,53,93,26,100,204,1887,152,109,47,169,96,25,87,9,21
2021-06-26,26,53,92,25,100,208,1876,148,109,47,171,96,23,88,10,19
2021-06-27,25,53,90,25,100,203,1855,150,107,46,177,96,22,86,7,19
2021-06-28,26,54,90,25,102,205,1850,141,107,46,176,94,24,83,7,20
2021-06-29,26,51,92,26,104,213,1832,139,98,44,167,94,24,81,7,19
2021-06-30,25,48,91,28,103,211,1834,124,97,46,171,86,24,81,7,18
2021-07-01,22,47,87,26,102,210,1799,134,89,42,173,82,23,81,10,16
2021-07-02,23,47,89,26,99,208,1766,126,94,36,173,84,24,81,10,16
2021-07-03,23,48,87,25,102,206,1750,121,89,38,176,90,26,78,10,16
2021-07-04,22,48,87,25,99,201,1695,119,88,38,170,100,27,78,8,18
2021-07-05,22,43,88,25,95,206,1667,116,90,39,166,98,25,78,7,17
2021-07-06,20,42,91,26,93,201,1630,111,83,41,169,93,26,75,10,17
2021-07-07,21,44,93,23,91,202,1591,108,84,39,166,93,26,66,8,17
2021-07-08,24,40,96,23,87,188,1552,107,94,40,155,92,27,68,8,17
2021-07-09,22,38,91,23,85,189,1480,107,95,40,152,88,27,62,9,17
2021-07-10,20,34,85,19,87,185,1441,103,89,38,147,82,28,65,9,15
2021-07-11,18,35,81,22,80,173,1399,104,87,38,145,83,28,67,9,15
2021-07-12,20,35,84,21,80,172,1357,104,83,38,143,89,26,73,9,13
2021-07-13,22,35,82,23,78,179,1348,96,88,38,140,85,26,73,7,12
2021-07-14,22,34,85,21,77,170,1285,95,82,36,136,82,23,73,8,12
2021-07-15,22,35,82,20,79,167,1243,94,83,35,129,82,19,74,8,12
2021-07-16,22,34,77,21,78,160,1219,92,77,33,128,82,17,70,7,10
2021-07-17,22,28,73,22,80,160,1195,83,76,30,127,77,19,66,7,7
2021-07-18,21,28,75,22,77,154,1168,86,72,31,126,79,14,56,7,9
2021-07-19,22,21,77,20,77,159,1144,81,76,33,125,74,11,55,7,9
2021-07-20,22,21,74,20,76,158,1134,78,73,33,119,75,11,63,3,10
2021-07-21,20,21,73,22,75,156,1089,73,66,31,110,67,9,54,3,9
2021-07-22,20,21,72,22,75,153,1071,71,64,28,113,60,13,51,2,9
2021-07-23,20,21,71,22,74,149,1038,69,63,31,113,66,14,50,3,9
2021-07-24,19,22,64,22,74,146,1007,68,64,31,120,58,20,51,3,7
2021-07-25,20,19,66,19,72,143,978,65,64,25,106,59,16,49,3,7
2021-07-26,20,17,61,16,72,138,961,65,61,27,103,57,15,46,3,7
2021-07-27,19,17,60,18,67,136,954,62,58,31,104,52,16,44,3,7
2021-07-28,18,15,54,18,67,132,917,61,53,24,96,51,15,41,2,7
2021-07-29,18,15,52,19,56,132,872,60,47,24,101,54,15,42,2,7
2021-07-30,20,10,53,17,51,125,827,57,50,24,97,54,15,44,1,7
2021-07-31,20,9,50,17,49,123,798,57,48,23,89,47,16,42,1,6
2021-08-01,19,9,47,17,48,117,779,59,51,19,88,51,16,42,1,7
2021-08-02,19,8,46,10,49,113,795,57,48,21,88,52,15,40,1,7
2021-08-03,19,8,43,11,46,109,785,54,40,22,88,53,15,42,1,7
2021-08-04,17,8,44,12,45,100,748,48,40,21,89,48,16,35,0,7
2021-08-05,16,9,43,12,43,100,721,48,41,20,86,45,16,35,0,6
2021-08-06,16,9,43,12,44,95,705,47,41,23,85,46,15,36,0,6
2021-08-07,17,9,44,10,42,96,673,49,38,19,83,45,13,36,0,5
2021-08-08,15,7,42,9,40,95,640,44,33,19,82,46,14,35,0,4
2021-08-09,15,7,39,7,40,94,630,42,38,19,78,44,14,34,0,4
2021-08-10,15,7,40,8,40,82,616,42,35,20,78,40,12,36,0,4
2021-08-11,14,6,41,8,38,85,623,41,34,20,75,38,9,34,0,4
2021-08-12,13,5,41,8,38,80,631,40,35,19,68,38,8,32,0,3
2021-08-13,14,3,40,9,41,73,603,38,37,18,68,35,9,32,0,3
2021-08-14,13,4,39,9,39,76,599,38,39,19,70,35,10,31,0,3
2021-08-15,11,4,38,4,42,73,573,40,37,20,70,40,10,31,0,3
2021-08-16,9,4,32,7,36,74,570,40,36,20,62,35,9,29,0,3
2021-08-17,9,5,32,8,38,74,574,43,36,20,65,32,9,29,0,3
2021-08-18,7,4,35,7,37,69,573,40,34,19,62,32,9,31,0,2
2021-08-19,6,4,34,7,33,67,565,37,34,18,61,32,7,31,0,2
2021-08-20,7,4,33,9,35,60,543,33,32,16,56,30,7,31,0,2
2021-08-21,6,4,31,7,36,58,520,34,28,15,56,30,7,32,0,2
2021-08-22,6,4,32,8,34,60,501,36,29,14,53,27,5,31,0,2
2021-08-23,6,5,32,7,29,61,498,36,29,12,51,28,4,31,0,2
2021-08-24,6,5,29,6,29,59,491,38,29,12,51,25,4,30,0,2
2021-08-25,7,5,30,7,25,59,484,35,26,11,48,24,4,29,0,2
2021-08-26,7,5,30,7,22,58,464,35,27,10,46,22,4,25,1,2
2021-08-27,6,5,26,6,21,56,453,33,24,10,43,21,4,26,1,2
2021-08-28,6,5,24,7,20,58,447,30,25,9,43,20,4,23,1,2
2021-08-29,3,5,24,6,21,56,435,30,23,9,40,22,4,23,1,3
2021-08-30,3,4,23,6,20,55,426,31,23,9,40,20,5,21,1,2
2021-08-31,3,5,23,6,19,51,426,31,23,9,39,21,6,22,1,2
2021-09-01,2,4,17,7,17,47,408,32,23,10,38,19,6,24,1,2
2021-09-02,2,3,16,7,20,43,394,29,22,9,33,23,6,25,1,2
2021-09-03,2,3,20,7,21,39,379,25,21,9,34,22,6,25,1,2
2021-09-04,2,2,20,7,20,39,370,23,22,7,34,19,5,24,1,2
2021-09-05,2,2,19,7,18,40,358,26,23,6,30,18,5,21,0,2
2021-09-06,2,2,18,6,20,36,364,28,18,6,30,17,5,21,0,2
2021-09-07,2,2,17,6,18,33,366,30,22,6,28,19,4,21,0,2
2021-09-08,2,3,15,6,17,32,356,29,20,6,28,18,5,21,0,2
2021-09-09,2,3,15,6,17,31,359,26,20,6,27,17,3,20,0,1
2021-09-10,2,3,14,5,19,28,343,21,18,5,29,17,4,20,0,1
2021-09-11,1,3,12,5,15,24,340,22,20,5,28,14,4,19,0,1
2021-09-12,0,3,9,7,13,22,325,22,20,5,28,15,2,18,0,1
2021-09-13,0,3,9,7,12,24,321,20,19,5,29,14,3,15,0,1
2021-09-14,0,4,9,7,11,28,316,20,19,5,29,13,4,15,0,1
2021-09-15,1,4,9,7,11,27,310,19,19,6,29,15,4,14,0,1
2021-09-16,0,4,9,7,10,23,301,20,19,6,31,15,4,13,0,1
2021-09-17,0,5,9,7,11,24,295,21,19,6,30,15,4,13,0,1
2021-09-18,2,5,8,8,11,23,290,19,15,5,30,12,4,12,0,1
2021-09-19,3,5,8,8,10,23,285,15,16,6,30,12,3,13,0,1
2021-09-20,2,4,8,6,11,23,283,15,16,6,29,10,3,16,1,1
2021-09-21,2,4,9,6,13,22,282,16,15,6,29,10,3,16,1,1
2021-09-22,2,4,9,6,13,22,278,13,15,7,27,11,4,16,1,1
2021-09-23,2,4,8,5,13,21,272,13,12,5,27,11,4,14,1,1
2021-09-24,2,4,7,5,12,20,271,13,12,6,26,12,2,13,1,1
2021-09-25,2,4,6,4,13,18,262,13,9,6,26,12,2,15,1,1
2021-09-26,1,4,6,4,13,18,264,13,4,6,26,14,2,15,1,0
2021-09-27,1,3,6,4,12,18,258,10,6,6,25,12,2,16,1,0
2021-09-28,2,3,6,4,14,17,262,9,8,6,26,13,2,16,1,0
2021-09-29,2,3,7,4,12,18,265,7,8,7,23,12,2,15,1,0
2021-09-30,2,3,6,4,12,15,264,8,8,6,22,10,2,15,1,0
2021-10-01,1,3,6,5,11,15,250,9,8,7,21,10,2,12,1,0
2021-10-02,1,4,6,5,9,14,258,9,10,5,20,10,1,12,0,0
2021-10-03,1,4,6,5,10,18,256,9,10,5,20,12,1,13,0,0
2021-10-04,2,4,5,5,9,19,261,8,10,5,22,13,1,13,0,0
2021-10-05,2,3,7,5,9,20,262,9,10,7,21,11,1,12,0,0
2021-10-06,2,2,7,5,9,19,258,8,10,7,21,12,2,12,0,0
2021-10-07,2,2,8,5,9,19,260,7,10,8,20,11,3,13,0,0
2021-10-08,2,4,9,5,10,20,252,10,10,7,19,13,3,13,0,0
2021-10-09,1,3,8,5,8,20,249,10,10,5,18,13,3,14,0,0
2021-10-10,1,3,8,5,6,22,238,9,6,5,16,14,3,12,0,0
2021-10-11,1,4,9,5,6,22,246,10,5,5,17,14,2,12,0,0
2021-10-12,1,3,10,6,7,21,248,9,8,7,17,11,2,12,0,0
2021-10-13,1,3,11,6,7,20,252,7,9,9,19,11,2,12,0,0
2021-10-14,1,3,11,6,8,20,258,7,12,8,19,12,2,13,0,0
2021-10-15,1,4,9,6,5,20,263,8,12,8,21,9,1,14,0,0
2021-10-16,1,4,8,5,5,19,266,7,14,7,21,8,1,14,0,0
2021-10-17,1,4,7,6,6,18,271,11,10,6,20,8,0,14,0,0
2021-10-18,1,4,7,5,4,19,270,12,7,8,20,8,0,14,0,0
2021-10-19,1,4,6,4,4,16,274,13,10,8,20,8,1,14,0,0
2021-10-20,1,4,6,4,7,20,276,12,16,7,22,8,1,14,0,0
2021-10-21,1,5,5,4,7,22,290,15,15,7,23,9,1,13,0,0
2021-10-22,3,6,4,4,7,25,297,18,15,6,26,8,1,14,0,0
2021-10-23,3,7,4,5,8,26,293,20,17,7,25,7,1,15,1,0
2021-10-24,3,7,7,6,8,22,296,20,12,7,25,6,1,15,0,0
2021-10-25,3,7,7,6,4,26,304,17,16,7,24,6,1,15,0,0
2021-10-26,3,7,8,5,4,26,305,20,20,6,23,6,1,15,0,0
2021-10-27,3,7,9,6,4,27,311,20,21,6,22,5,2,15,0,0
2021-10-28,3,7,8,6,4,27,295,18,21,8,20,4,2,14,0,0
2021-10-29,3,7,9,5,7,29,301,18,21,10,21,3,2,14,0,0
2021-10-30,3,7,11,5,6,28,310,18,21,9,21,3,3,12,0,0
2021-10-31,2,7,13,6,6,25,315,19,24,9,20,3,3,11,0,0
2021-11-01,2,8,13,8,7,26,314,19,19,9,22,3,4,11,0,0
2021-11-02,2,8,15,7,7,29,322,17,22,8,22,4,4,12,0,0
2021-11-03,1,9,14,6,8,28,339,17,25,7,20,4,4,11,1,0
2021-11-04,1,7,16,4,8,26,347,15,22,7,18,6,3,11,1,0
2021-11-05,1,7,15,2,6,29,352,15,25,7,18,6,3,13,1,0
2021-11-06,0,7,15,2,6,32,358,18,28,8,18,6,4,14,1,0
2021-11-07,0,7,16,2,6,32,368,19,27,7,21,4,4,14,2,0
2021-11-08,0,6,17,2,7,35,363,19,29,8,22,6,4,14,2,0
2021-11-09,0,7,15,3,7,32,371,21,27,8,24,6,4,16,2,0
2021-11-10,0,8,15,3,8,38,389,20,27,8,26,7,4,18,2,0
2021-11-11,0,8,16,3,9,36,384,20,23,8,28,6,5,19,2,0
2021-11-12,0,8,17,3,12,37,387,21,24,9,26,8,7,20,3,0
2021-11-13,0,9,15,2,14,36,399,21,21,8,26,10,8,18,4,0
2021-11-14,0,10,14,2,16,40,395,20,19,8,27,11,8,18,4,0
2021-11-15,0,10,15,2,16,38,389,20,19,6,32,11,8,20,4,2
2021-11-16,0,11,18,2,17,39,393,20,18,7,30,11,7,19,5,2
2021-11-17,0,11,17,5,17,42,398,17,17,6,33,11,6,17,4,2
2021-11-18,0,11,18,4,21,40,415,17,18,6,34,10,5,19,4,2
2021-11-19,1,12,16,4,18,40,418,17,21,8,39,13,4,18,4,2
2021-11-20,2,12,16,4,16,42,423,20,19,8,40,14,5,20,4,2
2021-11-21,2,13,17,3,19,38,423,21,19,9,43,17,5,21,4,3
2021-11-22,2,12,17,3,18,41,417,21,17,9,44,19,6,20,4,3
2021-11-23,2,12,17,2,17,42,425,23,17,7,44,15,5,19,4,3
2021-11-24,2,14,18,2,16,42,414,24,21,8,45,18,4,20,3,3
2021-11-25,2,14,17,3,16,46,410,25,21,7,53,17,4,25,3,6
2021-11-26,2,13,16,2,16,46,416,24,18,8,51,18,5,27,3,6
2021-11-27,2,13,16,3,15,45,409,26,24,8,54,18,4,26,5,6
2021-11-28,2,13,17,2,15,45,408,26,25,9,56,17,4,26,6,5
2021-11-29,2,12,19,2,18,46,405,26,28,9,57,17,3,25,6,5
2021-11-30,2,10,20,3,18,46,406,26,33,10,60,19,4,28,6,5
2021-12-01,1,10,21,2,18,48,392,31,32,10,59,19,4,30,6,5
2021-12-02,2,10,21,1,17,48,403,28,32,10,65,21,4,34,7,3
2021-12-03,2,12,20,3,16,50,385,30,30,10,62,20,4,37,7,4
2021-12-04,2,13,20,3,16,52,379,30,28,9,66,19,4,40,7,4
2021-12-05,2,11,22,3,17,55,365,29,29,11,72,19,4,45,6,3
2021-12-06,3,10,21,3,16,57,362,29,27,12,69,19,8,45,7,2
2021-12-07,3,10,20,3,15,57,375,29,22,10,72,19,8,47,6,2
2021-12-08,3,9,21,3,14,58,365,26,20,9,73,21,8,46,7,2
2021-12-09,3,9,22,2,15,62,364,27,19,9,73,23,8,44,6,2
2021-12-10,2,9,22,2,16,58,356,27,16,9,78,24,9,45,6,3
2021-12-11,3,10,22,1,18,58,354,25,13,9,84,23,10,48,6,3
2021-12-12,3,9,20,2,18,59,340,23,15,9,83,24,9,45,6,5
2021-12-13,3,11,18,2,18,62,333,22,14,9,84,25,10,40,6,5
2021-12-14,3,11,18,3,19,63,325,24,17,9,88,26,10,46,8,5
2021-12-15,2,10,18,3,19,61,327,22,17,9,85,24,9,46,8,8
2021-12-16,2,10,16,3,18,62,324,20,17,10,89,25,8,42,9,6
2021-12-17,1,10,16,3,17,57,316,19,17,11,85,21,7,43,8,6
2021-12-18,1,10,17,3,15,55,315,18,16,10,87,23,7,42,7,6
2021-12-19,1,9,17,3,15,55,311,19,15,9,83,24,6,45,7,7
2021-12-20,1,9,19,2,15,55,309,18,15,9,78,24,5,46,8,7
2021-12-21,1,8,17,3,16,52,307,18,13,8,77,23,7,45,6,7
2021-12-22,1,8,18,3,16,49,285,17,14,8,78,22,7,45,8,8
2021-12-23,1,8,19,3,16,48,286,16,15,9,77,19,7,43,7,7
2021-12-24,1,8,18,3,14,44,268,15,12,9,76,19,7,45,7,9
2021-12-25,1,7,18,3,15,42,266,16,12,8,78,18,9,47,7,8
2021-12-26,1,6,14,4,15,39,260,15,12,8,79,21,10,51,7,10
2021-12-27,1,6,14,3,15,40,251,15,14,8,77,20,9,52,7,10
2021-12-28,1,6,15,3,14,41,257,14,15,8,82,19,9,50,8,8
2021-12-29,2,6,15,3,16,42,258,15,16,8,78,17,9,52,7,7
2021-12-30,2,6,13,3,15,42,246,14,17,8,77,17,8,50,6,7
2021-12-31,2,6,14,2,18,37,241,14,15,9,74,19,9,48,6,8
2022-01-01,2,6,15,2,14,38,238,12,15,9,72,19,9,47,6,8
2022-01-02,2,6,19,2,14,39,237,12,14,9,72,20,10,50,6,7
2022-01-03,2,6,17,2,15,40,229,14,16,9,72,20,10,47,5,7
2022-01-04,2,6,17,2,15,40,229,14,14,9,75,19,13,51,5,7
2022-01-05,2,6,16,2,10,38,220,14,13,9,69,15,13,51,5,5
2022-01-06,2,6,15,2,10,40,214,14,12,8,68,18,10,50,5,5
2022-01-07,2,6,17,2,10,40,215,14,12,8,65,20,11,47,5,5
2022-01-08,2,6,17,2,10,39,202,13,14,8,63,18,10,42,5,6
2022-01-09,2,6,20,2,10,42,201,12,14,7,62,19,10,43,4,6
2022-01-10,2,5,20,2,10,42,199,12,15,8,61,20,10,44,4,6
2022-01-11,1,5,22,2,12,43,193,12,14,9,66,20,8,42,5,6
2022-01-12,1,5,26,2,12,40,190,10,14,8,64,18,7,37,5,6
2022-01-13,1,5,26,2,12,42,191,11,15,8,62,18,6,37,5,3
2022-01-14,1,5,25,2,10,41,183,10,14,7,62,20,6,32,5,4
2022-01-15,1,5,26,2,11,43,173,9,17,8,64,20,4,31,4,3
2022-01-16,1,6,25,2,10,38,170,8,17,8,63,20,6,29,4,4
2022-01-17,1,8,25,2,9,39,171,8,17,10,63,21,6,29,4,4
2022-01-18,1,9,25,2,9,38,178,8,18,10,63,19,6,27,4,4
2022-01-19,1,8,23,2,9,37,170,9,17,10,60,21,7,28,4,3
2022-01-20,1,9,24,2,11,35,183,8,16,9,60,22,4,29,3,6
2022-01-21,1,9,20,2,10,35,183,7,18,9,52,22,4,29,3,6
2022-01-22,1,11,21,2,11,32,182,7,17,10,53,21,4,32,2,6
2022-01-23,1,9,16,2,9,33,180,5,17,12,52,22,4,28,2,9
2022-01-24,2,11,17,2,9,33,185,6,16,11,53,21,4,27,2,8
2022-01-25,3,10,19,2,10,32,193,5,16,9,47,23,4,28,2,8
2022-01-26,2,9,21,2,11,29,201,7,14,8,51,23,5,24,2,9
2022-01-27,2,13,22,2,11,31,200,8,16,8,52,21,5,23,2,7
2022-01-28,3,12,23,2,11,33,200,8,13,8,49,24,7,24,2,6
2022-01-29,5,13,22,2,13,32,198,8,17,8,49,22,6,23,2,6
2022-01-30,5,16,20,3,13,33,211,8,19,8,47,22,5,20,1,6
2022-01-31,5,16,21,1,14,32,209,8,19,7,47,23,4,20,1,8
2022-02-01,5,19,23,1,17,35,229,8,20,8,48,24,4,21,2,10
2022-02-02,4,23,25,2,19,33,255,9,23,8,48,22,3,22,3,12
2022-02-03,6,24,26,1,18,38,262,9,21,8,46,23,2,24,3,13
2022-02-04,6,24,26,1,20,39,272,16,25,8,42,23,3,23,3,14
2022-02-05,7,24,27,2,21,44,295,17,23,9,37,23,3,23,3,15
2022-02-06,9,23,28,3,23,51,309,16,23,9,37,25,4,21,4,16
2022-02-07,10,22,28,4,23,50,330,17,23,11,39,26,4,25,4,16
2022-02-08,9,21,29,5,23,55,341,19,22,12,40,28,4,24,4,16
2022-02-09,6,21,35,5,20,60,354,21,27,13,39,29,4,22,5,17
2022-02-10,9,21,37,5,25,56,381,21,28,12,44,36,4,22,3,16
2022-02-11,9,22,39,5,26,60,409,20,32,14,43,39,4,28,4,12
2022-02-12,9,22,39,6,24,68,421,24,31,14,49,33,8,27,4,11
2022-02-13,8,22,43,4,25,74,413,25,34,15,49,33,9,35,3,11
2022-02-14,8,21,42,5,29,73,435,26,35,17,63,37,8,36,3,15
2022-02-15,7,24,42,6,25,79,447,26,38,18,62,37,9,41,4,15
2022-02-16,9,25,42,8,25,80,464,31,35,18,64,38,9,45,7,15
2022-02-17,7,24,38,10,25,81,486,32,42,20,71,38,10,51,6,17
2022-02-18,9,24,35,9,25,79,487,34,44,20,75,40,11,56,7,15
2022-02-19,6,22,36,8,31,77,507,39,45,20,79,42,12,51,5,14
2022-02-20,9,23,39,8,32,80,503,44,43,20,83,43,9,53,7,12
2022-02-21,9,23,40,8,32,76,516,42,41,20,82,42,10,46,6,12
2022-02-22,8,23,40,8,31,75,516,46,45,23,85,45,11,46,6,12
2022-02-23,7,24,41,8,30,82,523,47,46,24,82,48,13,49,6,13
2022-02-24,7,23,40,10,30,86,523,50,50,24,91,51,14,51,7,13
2022-02-25,6,21,41,10,32,93,527,54,50,27,96,48,16,54,5,13
2022-02-26,6,21,44,10,28,96,526,50,51,28,105,49,17,56,5,14
2022-02-27,7,20,40,10,24,88,525,44,50,25,103,49,13,56,5,12
2022-02-28,9,19,41,11,24,90,521,45,51,26,104,48,14,56,5,15
2022-03-01,6,19,43,11,23,90,535,46,57,29,106,48,16,57,5,16
2022-03-02,5,20,42,12,24,92,521,54,60,28,102,47,16,58,5,14
2022-03-03,5,20,41,12,24,97,519,51,58,29,99,53,15,64,4,14
2022-03-04,4,18,39,10,27,94,514,53,61,29,99,52,15,65,3,13
2022-03-05,7,18,41,8,25,90,501,49,56,26,100,50,14,60,3,13
2022-03-06,5,17,38,10,25,91,494,51,60,28,97,44,13,62,3,12
2022-03-07,4,14,35,11,24,88,499,52,54,26,106,48,15,60,4,11
2022-03-08,5,17,36,10,26,89,492,51,63,33,104,46,16,60,3,9
2022-03-09,4,17,35,8,27,89,485,47,58,25,99,51,16,62,4,9
2022-03-10,3,15,34,10,28,86,470,48,57,24,99,48,15,61,3,10
2022-03-11,4,15,34,10,24,87,463,48,53,26,103,48,16,56,3,10
2022-03-12,4,14,34,9,22,87,449,46,59,25,95,45,17,51,3,11
2022-03-13,3,15,32,8,22,86,432,46,53,24,91,49,9,54,3,9
2022-03-14,5,17,30,10,22,88,430,45,56,18,93,43,11,56,3,11
2022-03-15,5,14,31,11,25,85,421,48,58,19,92,46,9,55,2,10
2022-03-16,6,14,31,10,23,86,403,45,55,21,85,47,8,50,3,9
2022-03-17,5,15,28,8,26,87,401,36,56,23,79,46,8,46,2,9
2022-03-18,3,14,26,7,24,87,384,33,57,25,81,46,7,46,2,9
2022-03-19,2,13,25,8,22,74,360,30,52,24,77,43,7,47,2,9
2022-03-20,2,13,25,9,21,79,350,31,48,23,74,40,8,44,2,6
2022-03-21,2,13,26,9,20,81,351,33,52,18,73,38,7,45,2,7
2022-03-22,2,15,24,8,21,80,347,33,52,24,68,36,7,44,2,6
2022-03-23,3,14,23,9,24,77,331,33,51,18,72,37,7,38,2,5
2022-03-24,3,15,23,11,19,76,331,32,54,19,71,31,7,36,2,5
2022-03-25,3,12,24,8,20,72,323,34,53,15,66,28,6,35,2,6
2022-03-26,3,11,24,8,20,74,323,28,51,15,66,32,5,33,2,6
2022-03-27,3,10,23,8,18,65,314,26,48,15,61,32,7,32,2,6
2022-03-28,3,10,21,7,15,63,317,26,47,12,60,30,5,31,2,6
2022-03-29,2,11,21,5,14,62,308,24,48,12,57,32,6,30,2,7
2022-03-30,2,9,20,6,13,67,306,24,47,11,52,26,5,29,3,7
2022-03-31,2,8,18,5,12,64,286,25,40,11,49,25,5,29,3,7
2022-04-01,2,8,18,4,13,63,279,24,38,11,51,22,6,25,3,6
2022-04-02,2,8,19,5,12,57,267,24,35,12,45,22,4,25,3,6
2022-04-03,2,4,19,5,13,60,259,24,33,10,40,18,3,25,3,6
2022-04-04,2,3,19,5,13,59,260,22,33,10,41,17,2,24,3,5
2022-04-05,1,3,19,6,14,59,265,22,29,12,43,16,2,22,3,4
2022-04-06,1,3,20,6,14,56,255,18,26,12,39,17,2,25,3,2
2022-04-07,1,3,18,6,14,59,242,18,23,12,38,15,2,22,3,3
2022-04-08,1,3,18,5,13,52,241,16,23,11,36,17,2,20,3,3
2022-04-09,1,3,17,4,12,47,234,13,25,10,34,15,2,20,3,3
2022-04-10,2,3,16,5,12,44,222,13,17,9,35,16,3,21,2,3
2022-04-11,1,3,16,4,12,43,219,13,18,9,34,14,3,22,2,3
2022-04-12,1,3,16,3,13,42,214,12,24,9,33,16,3,21,2,2
2022-04-13,1,3,15,4,11,39,200,10,23,10,31,10,3,15,2,2
2022-04-14,1,3,15,4,11,38,188,9,22,8,30,12,3,14,1,2
2022-04-15,1,3,16,4,11,37,178,8,21,8,31,11,3,13,1,2
2022-04-16,2,3,13,7,11,36,174,8,22,5,26,12,4,13,0,2
2022-04-17,2,4,12,6,11,34,163,8,22,5,23,9,4,12,0,2
2022-04-18,2,4,12,6,11,35,156,9,22,5,23,9,4,12,0,1
2022-04-19,2,4,12,6,9,37,152,9,19,5,25,7,4,10,0,2
2022-04-20,2,5,12,6,9,34,150,9,19,5,26,7,6,13,0,2
2022-04-21,2,4,12,6,9,32,146,10,16,5,28,6,6,11,0,2
2022-04-22,2,5,11,6,9,33,148,9,15,5,24,6,5,10,0,2
2022-04-23,2,3,11,6,8,31,153,9,15,5,21,6,5,9,0,2
2022-04-24,2,3,10,6,9,30,143,9,7,4,19,5,5,9,0,2
2022-04-25,2,3,10,6,9,30,142,8,7,5,21,5,5,9,0,1
2022-04-26,3,3,10,6,10,28,137,8,15,4,20,5,4,11,0,2
2022-04-27,3,4,10,7,10,30,126,8,14,4,20,5,3,9,0,2
2022-04-28,2,3,10,6,10,26,123,8,9,4,19,5,2,9,0,3
2022-04-29,2,3,10,4,8,24,121,7,9,5,19,5,2,9,0,3
2022-04-30,1,3,10,4,11,22,113,8,9,5,17,5,2,8,0,3
2022-05-01,0,3,10,3,11,22,110,8,8,5,15,4,1,8,0,3
2022-05-02,1,3,8,4,11,20,111,8,8,5,14,4,1,9,0,2
2022-05-03,1,3,7,3,11,21,112,7,7,4,15,4,1,8,0,2
2022-05-04,0,3,7,4,11,19,108,6,7,3,14,4,1,8,0,2
2022-05-05,0,3,7,4,11,18,108,6,7,2,15,6,1,7,0,2
2022-05-06,0,1,7,4,10,18,100,4,6,2,14,5,1,7,0,1
2022-05-07,0,1,7,3,9,17,96,3,8,2,14,5,1,8,0,1
2022-05-08,0,1,8,4,8,17,94,3,8,2,14,7,2,7,0,1
2022-05-09,0,1,7,5,7,17,95,3,6,2,14,6,2,7,0,1
2022-05-10,0,1,7,4,7,15,91,3,5,4,13,6,2,8,0,1
2022-05-11,0,1,7,4,8,15,92,4,9,5,12,7,2,6,0,1
2022-05-12,0,1,6,4,10,16,94,5,8,3,13,8,2,6,0,1
2022-05-13,0,1,5,4,10,16,91,5,8,3,13,7,1,6,0,1
2022-05-14,0,1,5,5,8,15,86,5,8,2,12,7,1,6,1,1
2022-05-15,0,1,5,5,8,13,85,5,5,2,13,8,1,5,1,2
2022-05-16,0,1,3,4,8,15,83,5,6,4,12,7,1,4,1,2
2022-05-17,0,1,3,4,8,14,88,6,6,2,13,7,1,4,1,3
2022-05-18,0,1,3,4,9,15,81,6,5,2,10,6,1,4,1,2
2022-05-19,0,1,4,3,8,15,81,6,4,2,9,7,1,3,1,2
2022-05-20,1,2,3,3,7,12,81,5,4,1,8,6,2,3,1,2
2022-05-21,1,2,3,4,7,10,86,5,3,1,7,6,2,3,1,2
2022-05-22,1,2,3,4,7,10,87,5,3,1,6,5,2,3,1,2
2022-05-23,0,2,3,3,7,10,85,4,3,1,7,6,1,2,1,1
2022-05-24,1,2,3,3,7,10,86,4,3,1,7,5,1,2,1,1
2022-05-25,1,2,3,3,6,10,82,4,3,2,7,5,0,3,1,1
